timestamp,y,u,setpoint,T_out,solar,occupancy,occupancy_actual,unexpected_occupancy,residual_pred,residual_obs,unexpected_occupancy_pred,unexpected_occupancy_obs,step_runtime_ms,solver_runtime_ms,forecast_runtime_ms,phase
2025-01-01 00:00:00+00:00,21.0,0.18068516292451642,21.0,11.118823344912968,0.0,0.0,0.0,0.0,0.0,-0.12193087904767808,0.0,-9.754470323814246,119.5183330000873,119.51249999992797,0.001291999979002867,warmup
2025-01-01 00:15:00+00:00,20.733381450042206,0.237344538906785,21.0,11.568332582109754,18.015456206813823,0.0,0.0,0.0,0.0,-0.0047937584481303475,0.0,-0.3835006758504278,8.665374999964115,8.661500000016531,0.0008749998414714355,warmup
2025-01-01 00:30:00+00:00,20.6950906248352,0.25222762943375376,21.0,12.399043495104582,0.0,0.0,0.0,0.0,0.0,-0.05392663461468317,0.0,-4.314130769174653,8.593792000283429,8.589709000261792,0.0006669997674180195,warmup
2025-01-01 00:45:00+00:00,20.645346759647808,0.28691628566910016,21.0,12.3798660007715,4.748647249297381,0.0,0.0,0.0,0.0,-0.05960115030481461,0.0,-4.768092024385169,8.5097080000196,8.506375000251865,0.000791999809734989,warmup
2025-01-01 01:00:00+00:00,20.637996923408476,0.29353351734887545,21.0,12.413730208433538,0.0,0.0,0.0,0.0,0.0,-0.060648351980368886,0.0,-4.851868158429511,8.27566600037244,8.272874999875057,0.0005410001904238015,warmup
2025-01-01 01:15:00+00:00,20.635855466302644,0.27663101221384,21.0,13.028841667084798,0.8929773589098059,0.0,0.0,0.0,0.0,-0.05965500735961271,0.0,-4.772400588769017,8.2519580000735,8.249500000147236,0.0004579997039400041,warmup
2025-01-01 01:30:00+00:00,20.637395939758846,0.2637093330519499,21.0,13.251730930241475,7.414913383098157,0.0,0.0,0.0,0.0,-0.03055930217842473,0.0,-2.4447441742739784,8.23949999994511,8.236917000431276,0.0005000001692678779,warmup
2025-01-01 01:45:00+00:00,20.66507205107578,0.20519190076478475,21.0,14.390326160896494,0.0,1.0,1.0,0.0,0.0,0.004242287704286696,0.0,0.33938301634293566,8.238542000071902,8.235916000103316,0.0005000001692678779,warmup
2025-01-01 02:00:00+00:00,20.703001243854324,0.17828726378696041,21.0,14.297391597001292,14.77011252393802,1.0,1.0,0.0,0.0,-0.042755349748102134,0.0,-3.4204279798481707,8.105166999939684,8.102624999992258,0.000458000158687355,eval
2025-01-01 02:15:00+00:00,20.666472196475887,0.21139111073415892,21.0,14.454523564730971,0.0,0.0,0.0,0.0,0.0,-0.04940404270159249,0.0,-3.952323416127399,8.148917000198708,8.14654200030418,0.0004170001375314314,eval
2025-01-01 02:30:00+00:00,20.648358968501558,0.21035466659999327,21.0,14.969342788643203,0.0,0.0,0.0,0.0,0.0,-0.011381119455332822,0.0,-0.9104895564266258,8.08416700010639,8.08179099976769,0.000458000158687355,eval
2025-01-01 02:45:00+00:00,20.68695807555153,0.19010288918783333,21.0,14.459602307738702,10.227253369682929,0.0,0.0,0.0,0.0,-0.033234666778472644,0.0,-2.6587733422778115,8.087249999789492,8.084750000307395,0.0005839997356815729,eval
2025-01-01 03:00:00+00:00,20.66549661899213,0.19125393038944746,21.0,15.116171008191328,1.9934046721692629,0.0,0.0,0.0,0.0,0.006858255494215371,0.0,0.5486604395372296,8.078791000116325,8.076374999745894,0.000458000158687355,eval
2025-01-01 03:15:00+00:00,20.704817630572254,0.15081405116309202,21.0,15.529379346749131,0.9894256549490708,0.0,0.0,0.0,0.0,-0.07937078847476897,0.0,-6.349663077981518,8.07545800034859,8.073040999988734,0.000458000158687355,eval
2025-01-01 03:30:00+00:00,20.620627539649195,0.20862847120819614,21.0,15.688325413788194,0.0,0.0,0.0,0.0,0.0,0.012878286663728034,0.0,1.0302629330982427,7.956791000196972,7.954374999826541,0.00045900014811195433,eval
2025-01-01 03:45:00+00:00,20.70933008560338,0.14088575600940897,21.0,15.524345442703083,13.326508532621563,0.0,0.0,0.0,0.0,-0.03184058329280859,0.0,-2.547246663424687,7.959875000324246,7.957625000017288,0.000458000158687355,eval
2025-01-01 04:00:00+00:00,20.66915465461304,0.1587776773385756,21.0,16.1407771457422,0.0,0.0,0.0,0.0,0.0,-0.03693150560984648,0.0,-2.9545204487877186,7.951832999879116,7.949291999921115,0.0004169996827840805,eval
2025-01-01 04:15:00+00:00,20.660881089093756,0.1426560091652596,21.0,16.556375391737156,18.37172112101549,0.0,0.0,0.0,0.0,-0.07189500688227213,0.0,-5.75160055058177,7.98283399990396,7.980332999977691,0.0004579997039400041,eval
2025-01-01 04:30:00+00:00,20.627165920857948,0.17846489003507962,21.0,16.545395405845877,0.0,0.0,0.0,0.0,0.0,-0.009178113760039963,0.0,-0.734249100803197,7.946124999762105,7.943832999899314,0.0005409997356764507,eval
2025-01-01 04:45:00+00:00,20.688002525328805,0.1378755318697344,21.0,16.321954836568576,3.605748724682891,0.0,0.0,0.0,0.0,-0.01782306210327178,0.0,-1.4258449682617425,7.820165999874007,7.817707999947743,0.00045900014811195433,eval
2025-01-01 05:00:00+00:00,20.681501401277703,0.12849215744990636,21.0,16.653396962044063,11.673246361879192,0.0,0.0,0.0,0.0,0.014454806843161805,0.0,1.1563845474529444,7.808750000094733,7.806333000189625,0.0004169996827840805,eval
2025-01-01 05:15:00+00:00,20.7142724232334,0.12669507748139988,21.0,17.227775441491772,9.570503245134953,1.0,1.0,0.0,0.0,0.03382289079776868,0.0,2.7058312638214943,7.826125000065076,7.8237090001493925,0.00045899969336460344,eval
2025-01-01 05:30:00+00:00,20.79539840150146,0.12679669524686546,21.0,16.56059721418279,0.0,0.0,0.0,0.0,0.0,-0.04442960921959127,0.0,-3.5543687375673017,7.807999999840831,7.805624999946303,0.0004579997039400041,eval
2025-01-01 05:45:00+00:00,20.750659616815998,0.13810942875295135,21.0,16.645208105296565,0.0,0.0,0.0,0.0,0.0,0.039714074310825964,0.0,3.177125944866077,7.818832999873848,7.8164579999793204,0.00037499967220355757,eval
2025-01-01 06:00:00+00:00,20.809056045386036,0.13596186599660817,21.0,17.052843149089433,0.0,0.0,0.0,0.0,0.0,-0.04600357144406786,0.0,-3.6802857155254287,7.987750000211236,7.985416000337864,0.00037500012695090845,eval
2025-01-01 06:15:00+00:00,20.79214682282661,0.15975233341850942,21.0,16.594099376831693,4.651499349350382,0.0,0.0,0.0,0.0,-0.013845984832652647,0.0,-1.1076787866122118,8.101874999738357,8.09954199985441,0.0004170001375314314,eval
2025-01-01 06:30:00+00:00,20.824053100054297,0.2069940119484885,21.0,16.503308293391434,8.844093441088026,0.0,0.0,0.0,0.0,-0.04092141486809808,0.0,-3.2737131894478466,8.84700000005978,8.844291000059457,0.0005830002010043245,eval
2025-01-01 06:45:00+00:00,20.886479339952768,0.48380997250993446,21.0,16.284121494083355,21.377500124792853,0.0,0.0,0.0,0.0,-0.009843653139018471,0.0,-0.7874922511214777,7.357041999966896,7.354708000093524,0.0004170001375314314,eval
2025-01-01 07:00:00+00:00,21.32484285832466,0.7838539388862775,22.5,15.917312204522226,51.297623953823674,0.0,0.0,0.0,0.0,0.09589674987305585,0.0,7.671739989844468,8.303874999910477,8.301332999963051,0.00041599969335948117,eval
2025-01-01 07:15:00+00:00,22.236247850253342,0.48389116988976866,22.5,16.579107649720402,41.293928091459705,0.0,0.0,0.0,0.0,0.048246377426156783,0.0,3.8597101940925427,4.889875000117172,4.887417000190908,0.0005410001904238015,eval
2025-01-01 07:30:00+00:00,22.708185878590317,0.1838559125092494,22.5,15.8866883041448,66.3724912837446,4.0,4.0,0.0,0.0,0.05037029486816991,0.0,4.029623589453593,4.36933399987538,4.367000000002008,0.0004170001375314314,eval
2025-01-01 07:45:00+00:00,22.832349273516154,0.10758179430762912,22.5,15.68615898635532,77.81636456048294,1.0,1.0,0.0,0.0,-0.044764878147770304,0.0,-3.5811902518216243,3.709541999796784,3.7070830003358424,0.000458000158687355,eval
2025-01-01 08:00:00+00:00,22.72494177590475,0.10934959303411573,22.5,15.45252534758097,113.2832788978355,5.0,5.0,0.0,0.0,0.04440220443853349,0.0,3.552176355082679,3.489125000214699,3.4865419997913705,0.00041600014810683206,eval
2025-01-01 08:15:00+00:00,22.780777814747164,0.09806834347838007,22.5,15.71457435924585,133.16840521987424,5.0,5.0,0.0,0.0,0.06318530369427577,0.0,5.054824295542062,3.580334000162111,3.577750000204105,0.0006669997674180195,eval
2025-01-01 08:30:00+00:00,22.86394222212302,0.11376383221615735,22.5,14.569123310901157,109.1500692568859,0.0,0.0,0.0,0.0,-0.03173462303390906,0.0,-2.5387698427127248,3.4709169999587175,3.4686250000959262,0.0004170001375314314,eval
2025-01-01 08:45:00+00:00,22.74521923213115,0.12049852934697336,22.5,14.336641779564545,139.70719620741565,5.0,5.0,0.0,0.0,0.03234734334466438,0.0,2.5877874675731505,3.5947500000474975,3.5925000001952867,0.00037499967220355757,eval
2025-01-01 09:00:00+00:00,22.780148479843845,0.12441307680665303,22.5,14.12663985753769,169.62094653869252,4.0,4.0,0.0,0.0,-0.007079141334180861,0.0,-0.5663313067344689,3.6104159999013063,3.6079999999856227,0.0004169996827840805,eval
2025-01-01 09:15:00+00:00,22.781294821085517,0.12942949022734693,22.5,14.233189703479312,168.09412852614875,2.0,2.0,0.0,0.0,0.03239926135696081,0.0,2.5919409085568645,3.5268330002509174,3.5246669999651203,0.000458000158687355,eval
2025-01-01 09:30:00+00:00,22.80599759971104,0.13146976901472765,22.5,13.82586246888884,158.8257792424954,3.0,3.0,0.0,0.0,-0.0012402251823253607,0.0,-0.09921801458602886,3.4700410001278215,3.4677920002650353,0.0004170001375314314,eval
2025-01-01 09:45:00+00:00,22.788958852823168,0.13670422043449137,22.5,12.79653033435405,201.36621322799957,4.0,4.0,0.0,0.0,0.013697612267066006,0.0,1.0958089813652805,3.7316250000003492,3.729292000116402,0.0004170001375314314,eval
2025-01-01 10:00:00+00:00,22.799845331111758,0.1319899313978142,22.5,12.612824051808271,240.32809839317,3.0,3.0,0.0,0.0,0.07602198251569448,0.0,6.081758601255558,3.862208000100509,3.8599579997935507,0.0004170001375314314,eval
2025-01-01 10:15:00+00:00,22.87658750369572,0.11375443857129164,22.5,12.744387780920707,199.11822568516817,1.0,1.0,0.0,0.0,0.04111297120404345,0.0,3.2890376963234758,5.781833000128245,5.7796250002866145,0.000458000158687355,eval
2025-01-01 10:30:00+00:00,22.84177470277369,0.10094939179031762,22.5,12.582739233989846,225.84074866648987,4.0,4.0,0.0,0.0,0.0248204308494806,0.0,1.9856344679584481,5.519040999843128,5.516749999969761,0.00037500012695090845,eval
2025-01-01 10:45:00+00:00,22.82744860478154,0.14609273399112396,22.5,12.176350701392076,219.74225604942717,2.0,2.0,0.0,0.0,-0.02850347390204888,0.0,-2.2802779121639105,5.511291999937384,5.508999999619846,0.000458000158687355,eval
2025-01-01 11:00:00+00:00,22.771951569028364,0.16929431042249532,22.5,11.471731553961089,217.459835270645,4.0,4.0,0.0,0.0,0.08417780248389306,0.0,6.734224198711445,5.509957999947801,5.50766600008501,0.00045900014811195433,eval
2025-01-01 11:15:00+00:00,22.857083885428338,0.14017051055506033,22.5,10.707714938797665,249.9147828603353,3.0,5.0,2.0,0.0,0.0971296931280321,0.0,7.770375450242568,5.538333000004059,5.536042000130692,0.00037500012695090845,eval
2025-01-01 11:30:00+00:00,22.8987614683968,0.11196310386267545,22.5,10.805696618359958,223.8674927256734,4.0,6.0,2.0,0.0,0.044297350323887486,0.0,3.543788025910999,5.593249999947147,5.590708999989147,0.0004170001375314314,eval
2025-01-01 11:45:00+00:00,22.847423386216906,0.15764386633066696,22.5,10.174210385228406,258.02002039031674,3.0,5.0,2.0,0.0,0.0697576606589827,0.0,5.580612852718616,5.6981249999807915,5.694750000202475,0.000749999799154466,eval
2025-01-01 12:00:00+00:00,22.870005407544898,0.12601562379320588,22.5,9.193859465397944,252.8779183955143,8.0,8.0,0.0,0.0,0.08155487335958256,0.0,6.524389868766605,5.520542000340356,5.5181249999805,0.0005420001798484009,eval
2025-01-01 12:15:00+00:00,22.88588277661211,0.18477484183241247,22.5,8.592992680000785,260.8122143410913,2.0,2.0,0.0,0.0,0.04973583221963196,0.0,3.9788665775705567,5.526709000150731,5.524416999833193,0.0005830002010043245,eval
2025-01-01 12:30:00+00:00,22.851212943255153,0.22733895932987158,22.5,8.805577564062718,255.10061466698255,0.0,0.0,0.0,0.0,-0.013372331520425718,0.0,-1.0697865216340574,5.517375000181346,5.515083000318555,0.0004579997039400041,eval
2025-01-01 12:45:00+00:00,22.786628445177584,0.24059697007876432,22.5,7.334380635258423,255.27308087197736,5.0,5.0,0.0,0.0,0.02553441004277701,0.0,2.042752803422161,5.530667000130052,5.528416999823094,0.00045900014811195433,eval
2025-01-01 13:00:00+00:00,22.787404585600832,0.2499589051511119,22.5,7.853538483844804,250.88422226757413,3.0,5.0,2.0,0.0,0.054530036628229084,0.0,4.362402930258327,5.521916999896348,5.518917000244983,0.000499999714520527,eval
2025-01-01 13:15:00+00:00,22.82002644155278,0.22815885661206842,22.5,7.924876436955969,223.26837108494627,7.0,15.0,8.0,0.0,0.21007367535201737,0.0,16.80589402816139,5.542249999962223,5.539708000014798,0.0005839997356815729,eval
2025-01-01 13:30:00+00:00,23.011681840811214,0.12824547544809883,22.5,7.052595671496027,261.37478405739836,3.0,9.0,6.0,0.0,0.1343002037272356,0.0,10.744016298178849,5.509957999947801,5.507542000032117,0.0004170001375314314,eval
2025-01-01 13:45:00+00:00,22.941354245542307,0.23144904712976816,22.5,6.209439841054349,214.3801392871997,3.0,9.0,6.0,0.0,0.10389898572214662,0.0,8.31191885777173,5.519750000075874,5.517582999800652,0.00045900014811195433,eval
2025-01-01 14:00:00+00:00,22.905402854473767,0.2477155445442315,22.5,6.1228251643008615,237.9829419288481,3.0,9.0,6.0,0.0,0.15654482457366115,0.0,12.523585965892892,5.508958000064013,5.506708999746479,0.000458000158687355,eval
2025-01-01 14:15:00+00:00,22.958232652792873,0.23202757277442618,22.5,6.246910124863542,208.4933963317767,2.0,2.0,0.0,0.0,-0.042534771480003286,0.0,-3.402781718400263,5.548166000153287,5.545958999846334,0.0004170001375314314,eval
2025-01-01 14:30:00+00:00,22.760427799732383,0.2998929753751872,22.5,6.310234571136313,203.77160345258503,1.0,1.0,0.0,0.0,0.01462664444958861,0.0,1.1701315559670888,5.510583000159386,5.508374999863008,0.00041600014810683206,eval
2025-01-01 14:45:00+00:00,22.69836711991804,0.31775021802266085,22.5,5.667507516348376,200.0742699976013,1.0,1.0,0.0,0.0,-0.08227244504857367,0.0,-6.581795603885894,5.509916999926645,5.507709000085015,0.000458000158687355,eval
2025-01-01 15:00:00+00:00,22.53718091476213,0.3354772428531268,22.5,5.355062076304783,191.46818335618997,4.0,4.0,0.0,0.0,-0.003003656165297741,0.0,-0.2402924932238193,5.497999999988679,5.4957499996817205,0.000458000158687355,eval
2025-01-01 15:15:00+00:00,22.50279549323823,0.3493719955537869,22.5,4.861594325170707,197.17774240131385,3.0,3.0,0.0,0.0,-0.004350831731095184,0.0,-0.3480665384876147,5.490542000188725,5.488375000368251,0.00045900014811195433,eval
2025-01-01 15:30:00+00:00,22.458997918947823,0.3634248283454387,22.5,4.606262802741352,158.23626728321116,7.0,7.0,0.0,0.0,-0.019347123340587302,0.0,-1.5477698672469842,5.502958000306535,5.500750000010157,0.0005000001692678779,eval
2025-01-01 15:45:00+00:00,22.430631464643696,0.37950883990503687,22.5,4.663175038742658,149.00641282087304,1.0,1.0,0.0,0.0,-0.06947432767303141,0.0,-5.557946213842513,5.512166999778856,5.510167000011279,0.0004169996827840805,eval
2025-01-01 16:00:00+00:00,22.293518380496327,0.40299253777315125,22.5,4.822566297626004,149.98460494013722,2.0,2.0,0.0,0.0,-0.08215961328703969,0.0,-6.572769062963175,5.534542000077636,5.532374999802414,0.000458000158687355,eval
2025-01-01 16:15:00+00:00,22.19742719002319,0.4431391595997333,22.5,4.779438021891743,134.84620927585598,0.0,0.0,0.0,0.0,-0.07844901757415101,0.0,-6.275921405932081,5.493874999956461,5.4917909997129755,0.000458000158687355,eval
2025-01-01 16:30:00+00:00,22.120862185100666,0.4965875462164578,22.5,4.714439688796141,111.82248406345956,2.0,2.0,0.0,0.0,-0.14277814447274295,0.0,-11.422251557819436,5.5254159997275565,5.523207999885926,0.00045899969336460344,eval
2025-01-01 16:45:00+00:00,22.054944492834668,0.5524376281626231,22.5,4.266410901680162,91.50837024737234,4.0,4.0,0.0,0.0,-0.037418983978774634,0.0,-2.9935187183019707,5.4912919999878795,5.489125000167405,0.0004170001375314314,eval
2025-01-01 17:00:00+00:00,22.159633812076407,0.5392137162222874,22.5,3.862890607013943,64.11756589059193,0.0,0.0,0.0,0.0,-0.0742447962614925,0.0,-5.9395837009194,5.497582999851147,5.495375000009517,0.000458000158687355,eval
2025-01-01 17:15:00+00:00,22.121366465320875,0.5172777374605381,22.5,3.7772409877234296,56.50428122885856,6.0,6.0,0.0,0.0,-0.021615861259135727,0.0,-1.7292689007308581,5.510458000117069,5.508250000275439,0.00045900014811195433,eval
2025-01-01 17:30:00+00:00,22.175821281399152,0.49523106615066437,22.5,3.914962860595717,85.5525335350459,2.0,2.0,0.0,0.0,-0.09879501323583639,0.0,-7.903601058866911,5.490915999871504,5.488792000051035,0.0004579997039400041,eval
2025-01-01 17:45:00+00:00,22.1004473102228,0.5627877043677659,22.5,3.939238381293362,31.402420133816875,4.0,4.0,0.0,0.0,-0.06027949792549592,0.0,-4.822359834039673,5.520207999779814,5.51808299996992,0.0004169996827840805,eval
2025-01-01 18:00:00+00:00,22.136158923022524,0.5545057342684642,22.5,3.901899115285515,20.50018015133658,3.0,3.0,0.0,0.0,-0.09486054398534094,0.0,-7.588843518827275,5.507750000106171,5.505749999883847,0.00041600014810683206,eval
2025-01-01 18:15:00+00:00,22.103520939196127,0.6052946055557203,22.5,3.306761253794304,2.1846546117903065,3.0,3.0,0.0,0.0,-0.0785541136591199,0.0,-6.2843290927295925,5.515542000011919,5.513291000170284,0.0004169996827840805,eval
2025-01-01 18:30:00+00:00,22.115845085237932,0.5558160068519512,22.5,3.9693878891847265,7.552708814109497,5.0,5.0,0.0,0.0,-0.0377466442849439,0.0,-3.019731542795512,5.5071669999051664,5.505125000127009,0.000458000158687355,eval
2025-01-01 18:45:00+00:00,22.160540836276514,0.5553854054080944,22.5,4.465403247850017,10.370314616559432,0.0,0.0,0.0,0.0,-0.10168954406257669,0.0,-8.135163525006135,5.636915999730263,5.634834000375122,0.0004169996827840805,eval
2025-01-01 19:00:00+00:00,22.09729312537048,0.6025410906872434,22.5,4.541872988120394,7.807070409412352,0.0,0.0,0.0,0.0,-0.10280753588815017,0.0,-8.224602871052014,5.656083999838302,5.653875000007247,0.0004169996827840805,eval
2025-01-01 19:15:00+00:00,22.095189000501566,0.6303595455884164,22.5,4.081749607634225,8.110990358234444,0.0,0.0,0.0,0.0,-0.07174308544826147,0.0,-5.739446835860917,5.912915999942925,5.910709000090719,0.000458000158687355,eval
2025-01-01 19:30:00+00:00,22.141974612574977,0.6144610316539854,22.5,5.229081118919358,5.551795643481589,0.0,0.0,0.0,0.0,-0.15338345836886091,0.0,-12.270676669508873,7.53895800016835,7.536833999893133,0.0005000001692678779,eval
2025-01-01 19:45:00+00:00,22.12659778449412,0.37706550674401096,22.5,5.212671239001858,0.0,0.0,0.0,0.0,0.0,-0.1049310262377503,0.0,-8.394482099020024,5.781749999641761,5.7794160002231365,0.0004579997039400041,eval
2025-01-01 20:00:00+00:00,21.858726396230423,0.07702062569470251,21.0,4.6888725474840145,0.0,1.0,1.0,0.0,0.0,-0.1867785996096103,0.0,-14.942287968768824,6.2608329999420675,6.258834000163915,0.0004579997039400041,eval
2025-01-01 20:15:00+00:00,21.136854059411203,0.31940821356590887,21.0,5.926507577466036,0.0,0.0,0.0,0.0,0.0,-0.1563530437698013,0.0,-12.508243501584104,3.207957999620703,3.2055840001703473,0.0005829997462569736,eval
2025-01-01 20:30:00+00:00,20.809373289525844,0.3940832059057405,21.0,5.5798441509797385,2.038389134109613,0.0,0.0,0.0,0.0,-0.17616243121525343,0.0,-14.092994497220275,3.196209000179806,3.1940409999151598,0.000458000158687355,eval
2025-01-01 20:45:00+00:00,20.55623631484787,0.5430871356623073,21.0,6.104551143880785,0.0,0.0,0.0,0.0,0.0,-0.08380707033928658,0.0,-6.704565627142927,3.1794589999663003,3.1772500001352455,0.0004579997039400041,eval
2025-01-01 21:00:00+00:00,20.609349970175202,0.4995385734174842,21.0,6.247087045643309,0.0101287011617445,0.0,0.0,0.0,0.0,-0.1301063405910874,0.0,-10.408507247286991,3.222125000320375,3.2199580000451533,0.0004170001375314314,eval
2025-01-01 21:15:00+00:00,20.565089583211897,0.508393830721884,21.0,6.72624622566906,0.0,1.0,1.0,0.0,0.0,-0.06768714510272744,0.0,-5.414971608218195,3.1889589999991586,3.1867920001786842,0.00037499967220355757,eval
2025-01-01 21:30:00+00:00,20.626438100603668,0.45591440350656626,21.0,6.9329682109915485,1.6176361752424526,1.0,1.0,0.0,0.0,-0.09503122274938747,0.0,-7.602497819950997,3.320374999930209,3.318165999644407,0.00045900014811195433,eval
2025-01-01 21:45:00+00:00,20.601507988508466,0.462959102150647,21.0,7.335892996180575,0.0,1.0,1.0,0.0,0.0,-0.07410851853412481,0.0,-5.928681482729985,3.4625829998731206,3.460458999597904,0.0004170001375314314,eval
2025-01-01 22:00:00+00:00,20.62113778545035,0.4373282814139429,21.0,7.894571826938936,8.379795206559175,0.0,0.0,0.0,0.0,-0.05161781679645827,0.0,-4.129425343716662,3.448792000199319,3.446665999945253,0.00041600014810683206,eval
2025-01-01 22:15:00+00:00,20.645218943382066,0.4199077717736247,21.0,8.019120194659205,0.0,0.0,0.0,0.0,0.0,-0.050003158177407414,0.0,-4.000252654192593,3.7155410000195843,3.713292000156798,0.0004170001375314314,eval
2025-01-01 22:30:00+00:00,20.646621796844585,0.39819411214868017,21.0,8.609504223914412,5.33879623499117,0.0,0.0,0.0,0.0,-0.07004266399169623,0.0,-5.603413119335698,3.8411669997913123,3.8389590004044294,0.00041600014810683206,eval
2025-01-01 22:45:00+00:00,20.6269339612301,0.39805669858895804,21.0,9.218036199570632,0.0,0.0,0.0,0.0,0.0,-0.06961742334057419,0.0,-5.569393867245935,3.8454999998975836,3.8434170000982704,0.0004169996827840805,eval
2025-01-01 23:00:00+00:00,20.627053745063495,0.39188725389925416,21.0,9.393606707564707,0.0,0.0,0.0,0.0,0.0,-0.08724400726176995,0.0,-6.979520580941596,3.713667000283749,3.7114589999873715,0.00037500012695090845,eval
2025-01-01 23:15:00+00:00,20.608414541269585,0.37992544431237885,21.0,10.018206849293394,13.232715406443171,0.0,0.0,0.0,0.0,-0.007293866805948568,0.0,-0.5835093444758854,3.71104199984984,3.708959000050527,0.000458000158687355,eval
2025-01-01 23:30:00+00:00,20.688819227959836,0.3137091672073259,21.0,10.905628008268575,0.0,0.0,0.0,0.0,0.0,-0.03509604212863948,0.0,-2.8076833702911586,3.703833000145096,3.7017500003457826,0.00037499967220355757,eval
2025-01-01 23:45:00+00:00,20.678989974101935,0.3220874811513356,21.0,11.025290378582174,17.80123618933371,0.0,0.0,0.0,0.0,-0.008558760778253571,0.0,-0.6847008622602857,3.7202090002210753,3.71812499997759,0.0004170001375314314,eval
2025-01-02 00:00:00+00:00,20.72437775707286,0.3360583426591523,21.0,9.23533125320611,1.0359221362581483,0.0,0.0,0.0,0.0,-0.050658494553044164,0.0,-4.052679564243533,3.7063330000819406,3.7042500002826273,0.00037499967220355757,eval
2025-01-02 00:15:00+00:00,20.663729888550947,0.37471950451656916,21.0,9.118119403861993,0.0,0.0,0.0,0.0,0.0,-0.08165841864177992,0.0,-6.532673491342393,3.713874999903055,3.7116250000508444,0.000458000158687355,eval
2025-01-02 00:30:00+00:00,20.61751045737904,0.42898355696421303,21.0,8.358185906842397,0.0,0.0,0.0,0.0,0.0,-0.08180915712728165,0.0,-6.544732570182532,3.6967080000067654,3.6945829997421242,0.00041600014810683206,eval
2025-01-02 00:45:00+00:00,20.612206075811898,0.38655618591447266,21.0,9.616111674427271,0.0,1.0,1.0,0.0,0.0,-0.04543911273233192,0.0,-3.6351290185865537,3.712124999765365,3.7100829999872076,0.00041599969335948117,eval
2025-01-02 01:00:00+00:00,20.65010865542073,0.3333979020819049,21.0,10.41108362413866,20.8951674540195,0.0,0.0,0.0,0.0,-0.05480108292879038,0.0,-4.38408663430323,3.7040000001979934,3.7018339999121963,0.0004170001375314314,eval
2025-01-02 01:15:00+00:00,20.643762887011757,0.34706461117587034,21.0,10.521268587632084,0.0,0.0,0.0,0.0,0.0,-0.06537293352611684,0.0,-5.229834682089347,3.7000840002292534,3.6979999999857682,0.000458000158687355,eval
2025-01-02 01:30:00+00:00,20.632627181228738,0.3637878756129681,21.0,10.18308704863756,0.0,0.0,0.0,0.0,0.0,-0.07575647070413893,0.0,-6.060517656331115,3.763624999919557,3.7615830001413997,0.00041599969335948117,eval
2025-01-02 01:45:00+00:00,20.61974780006864,0.3414892080419545,21.0,11.169459121905588,5.4531589412266275,0.0,0.0,0.0,0.0,-0.1100821565258947,0.0,-8.806572522071576,3.7252910001370765,3.7231659998724353,0.00041600014810683206,eval
2025-01-02 02:00:00+00:00,20.586231197369994,0.35548361865940514,21.0,11.634917700026715,0.0,0.0,0.0,0.0,0.0,-0.05881144037249797,0.0,-4.704915229799838,3.711250000378641,3.7091670001245802,0.0004170001375314314,eval
2025-01-02 02:15:00+00:00,20.63610002417138,0.3093275424088912,21.0,11.631297333060465,0.0,1.0,1.0,0.0,0.0,-0.04339113399498373,0.0,-3.4712907195986986,3.721374999713589,3.719332999935432,0.00037499967220355757,eval
2025-01-02 02:30:00+00:00,20.654188217270853,0.29485986125308117,21.0,11.973546021779889,0.0,0.0,0.0,0.0,0.0,-0.08715556949188397,0.0,-6.972445559350717,3.7057499998809362,3.7035410000498814,0.00041600014810683206,eval
2025-01-02 02:45:00+00:00,20.61008339201441,0.30998722516532345,21.0,12.1804749036982,3.522260775391902,1.0,1.0,0.0,0.0,-0.07139191445552129,0.0,-5.711353156441703,3.693082999689068,3.6909999998897547,0.00037500012695090845,eval
2025-01-02 03:00:00+00:00,20.62520688628523,0.3045218600962642,21.0,12.373401501687136,0.0,0.0,0.0,0.0,0.0,0.007351768047549001,0.0,0.5881414438039201,5.007542000385001,5.00537500010978,0.00041600014810683206,eval
2025-01-02 03:15:00+00:00,20.70376827753068,0.23888475118682106,21.0,12.77331097807392,0.0,0.0,0.0,0.0,0.0,-0.019922562528954302,0.0,-1.5938050023163441,7.445457999892824,7.4434160001146665,0.00041599969335948117,eval
2025-01-02 03:30:00+00:00,20.685059505255627,0.2524348725257037,21.0,12.634710963786318,0.0,0.0,0.0,0.0,0.0,-0.11697910539502487,0.0,-9.35832843160199,7.417709000037576,7.415541999762354,0.0004170001375314314,eval
2025-01-02 03:45:00+00:00,20.581735920212633,0.32088154063621266,21.0,12.559397065761646,0.0,1.0,1.0,0.0,0.0,-0.03682422317615419,0.0,-2.9459378540923353,7.440625000072032,7.438499999807391,0.0004170001375314314,eval
2025-01-02 04:00:00+00:00,20.657675915789834,0.25343203433323785,21.0,13.27155478053398,0.0,0.0,0.0,0.0,0.0,-0.14578918520770756,0.0,-11.663134816616605,7.304457999907754,7.302375000108441,0.00041599969335948117,eval
2025-01-02 04:15:00+00:00,20.551697230926578,0.30947409557280253,21.0,13.6894193529526,16.718731540185047,0.0,0.0,0.0,0.0,-0.00672214697291551,0.0,-0.5377717578332408,7.284917000106361,7.28279199984172,0.000458000158687355,eval
2025-01-02 04:30:00+00:00,20.68702133165078,0.20244859854951297,21.0,14.455467389749511,7.860646300936113,0.0,0.0,0.0,0.0,-0.021200452901641853,0.0,-1.6960362321313482,7.312499999898137,7.310458000119979,0.0004170001375314314,eval
2025-01-02 04:45:00+00:00,20.69109383884043,0.2099431128210587,21.0,13.885331650708606,0.0,0.0,0.0,0.0,0.0,-0.059186655742525573,0.0,-4.734932459402046,7.325459000185219,7.323416999952315,0.00037500012695090845,eval
2025-01-02 05:00:00+00:00,20.639119992069286,0.2264897108126438,21.0,14.55758899825839,4.103904169466508,0.0,0.0,0.0,0.0,0.040108924191009976,0.0,3.208713935280798,7.291708000138897,7.2896250003395835,0.0004169996827840805,eval
2025-01-02 05:15:00+00:00,20.737361570635294,0.17680711140764085,21.0,14.786608098385267,10.678179632026772,0.0,0.0,0.0,0.0,-0.007298203224550548,0.0,-0.5838562579640438,7.295874999726948,7.2937090003506455,0.0004169996827840805,eval
2025-01-02 05:30:00+00:00,20.73592763618494,0.17765920071532815,21.0,14.29646143165534,6.690582413852989,0.0,0.0,0.0,0.0,-0.08067984558844898,0.0,-6.454387647075919,7.295875000181695,7.293750000371801,0.0004170001375314314,eval
2025-01-02 05:45:00+00:00,20.64085974563118,0.20293843665354916,21.0,15.099549659508142,17.108045870400538,0.0,0.0,0.0,0.0,0.0026674673959092843,0.0,0.21339739167274274,7.4586670002645405,7.4561669998729485,0.000458000158687355,eval
2025-01-02 06:00:00+00:00,20.70223216501721,0.20384759754571657,21.0,14.718621108241429,0.0,0.0,0.0,0.0,0.0,0.05257206922804514,0.0,4.205765538243611,7.361874999787688,7.35954199990374,0.0004579997039400041,eval
2025-01-02 06:15:00+00:00,20.785228316548313,0.19578262020975534,21.0,15.373035216924256,25.455343528889536,0.0,0.0,0.0,0.0,-0.022748764128394328,0.0,-1.8199011302715462,7.4950420003006,7.49295900004654,0.00041600014810683206,eval
2025-01-02 06:30:00+00:00,20.823342094092876,0.24230909130499712,21.0,15.218935383977144,33.33768697439149,0.0,0.0,0.0,0.0,-0.013230933070488504,0.0,-1.0584746456390803,8.074916000168741,8.072874999925261,0.00041600014810683206,eval
2025-01-02 06:45:00+00:00,20.92783553875509,0.47061888872731095,21.0,15.450144948530358,45.99771569896035,0.0,0.0,0.0,0.0,0.07535589285405209,0.0,6.028471428324167,7.835291999981564,7.833250000203407,0.00037499967220355757,eval
2025-01-02 07:00:00+00:00,21.420549932159073,0.7228094616556342,22.5,15.870916985774429,53.18400064808405,0.0,0.0,0.0,0.0,0.121968528628706,0.0,9.75748229029648,4.859540999859746,4.857540999637422,0.00041600014810683206,eval
2025-01-02 07:15:00+00:00,22.27780705285396,0.4227927249053402,22.5,16.023810872724773,69.70925076434891,0.0,0.0,0.0,0.0,0.03160608140609256,0.0,2.5284865124874045,6.512165999993158,6.509958999686205,0.00041600014810683206,eval
2025-01-02 07:30:00+00:00,22.655661121710143,0.1228154894782396,22.5,15.528017686749326,75.35324605608899,4.0,4.0,0.0,0.0,0.009590661210747697,0.0,0.7672528968598158,4.871042000104353,4.868917000294459,0.0004579997039400041,eval
2025-01-02 07:45:00+00:00,22.657999450499727,0.07971217701725324,22.5,16.34373604725766,90.16471656230736,0.0,0.0,0.0,0.0,0.04515485913378825,0.0,3.61238873070306,3.3386670002073515,3.336624999974447,0.0004170001375314314,eval
2025-01-02 08:00:00+00:00,22.633633190705236,0.07640755922940909,22.5,15.573755441543405,108.65261524269752,1.0,1.0,0.0,0.0,-0.009116673682832754,0.0,-0.7293338946266203,3.332750000026863,3.330666000238125,0.00041599969335948117,eval
2025-01-02 08:15:00+00:00,22.549270011897622,0.0788440290620603,22.5,15.761783632005637,148.41916596136426,1.0,1.0,0.0,0.0,-0.017851001475669648,0.0,-1.4280801180535718,3.386207999938051,3.3840830001281574,0.00037499967220355757,eval
2025-01-02 08:30:00+00:00,22.499257681974598,0.08231077778668548,22.5,15.758678460483376,128.03464253627297,0.0,0.0,0.0,0.0,-0.03826965520509518,0.0,-3.061572416407614,3.3172909998029354,3.3152910000353586,0.00041599969335948117,eval
2025-01-02 08:45:00+00:00,22.407130760099143,0.0861622985063605,22.5,15.163824469112296,155.03617571765616,1.0,1.0,0.0,0.0,-0.03413953786902013,0.0,-2.7311630295216105,3.5813750000670552,3.579249999802414,0.00041600014810683206,eval
2025-01-02 09:00:00+00:00,22.33784724123931,0.09016775826316926,22.5,15.689346210766995,180.18519949152545,1.0,1.0,0.0,0.0,-0.009332151169221703,0.0,-0.7465720935377362,3.6100420002185274,3.6077079998904082,0.0004170001375314314,eval
2025-01-02 09:15:00+00:00,22.339544898874983,0.09393020089292237,22.5,16.125279669344938,179.5810631069805,1.0,1.0,0.0,0.0,0.03203315052994071,0.0,2.562652042395257,3.8935839997975563,3.8904580001144495,0.0006669997674180195,eval
2025-01-02 09:30:00+00:00,22.403141651743933,0.09695835479861299,22.5,15.543952940858633,187.4684172913655,1.0,1.0,0.0,0.0,-0.004652638241843476,0.0,-0.3722110593474781,3.7630419997185527,3.7609170003634063,0.0004579997039400041,eval
2025-01-02 09:45:00+00:00,22.41556869331068,0.10076873567706662,22.5,15.774108658546304,189.4376196565375,1.0,1.0,0.0,0.0,0.08972975773251335,0.0,7.178380618601068,3.6027090000061435,3.600792000270303,0.00037499967220355757,eval
2025-01-02 10:00:00+00:00,22.536782834078263,0.10077697679801124,22.5,15.251645790394049,219.3502412584932,2.0,2.0,0.0,0.0,0.08873215287360736,0.0,7.098572229888589,3.6062499998479325,3.604208000069775,0.00037500012695090845,eval
2025-01-02 10:15:00+00:00,22.667806249755095,0.09724814346034491,22.5,14.426592145821589,197.1632062962935,2.0,2.0,0.0,0.0,0.027691556327177125,0.0,2.21532450617417,5.40245899992442,5.400375000135682,0.00037499967220355757,eval
2025-01-02 10:30:00+00:00,22.680884861232418,0.09678796961348288,22.5,15.50574007516476,225.2191078573304,3.0,3.0,0.0,0.0,0.03271319468416323,0.0,2.617055574733058,5.26712500004578,5.265082999812876,0.00037500012695090845,eval
2025-01-02 10:45:00+00:00,22.771929419348897,0.09047281919229401,22.5,14.755407283536924,221.18787930308173,4.0,4.0,0.0,0.0,0.09938944925931281,0.0,7.951155940745025,5.253750000065338,5.25149999975838,0.0004170001375314314,eval
2025-01-02 11:00:00+00:00,22.89968122198294,0.037403525822940806,22.5,14.6242866230463,222.44910090779297,0.0,0.0,0.0,0.0,0.03453733570748696,0.0,2.762986856598957,5.251667000266025,5.249542000001384,0.00037500012695090845,eval
2025-01-02 11:15:00+00:00,22.837482493189828,0.06681508887692165,22.5,14.517308992313373,239.99257377400633,1.0,1.0,0.0,0.0,0.07036772369819388,0.0,5.629417895855511,5.257917000108137,5.255874999875232,0.00037500012695090845,eval
2025-01-02 11:30:00+00:00,22.871857002031813,0.052367374862961905,22.5,14.207228006276424,204.67039994191504,3.0,3.0,0.0,0.0,0.07112857413311602,0.0,5.6902859306492815,5.113749999964057,5.111624999699416,0.00037500012695090845,eval
2025-01-02 11:45:00+00:00,22.87452400735924,0.07520189998238888,22.5,13.604175986293354,241.75118587215604,0.0,0.0,0.0,0.0,0.03504297489420338,0.0,2.8034379915362706,5.137042000114889,5.1349579998714034,0.0004170001375314314,eval
2025-01-02 12:00:00+00:00,22.83724469584558,0.10019154779304865,22.5,13.75550209604071,206.4311804040538,2.0,2.0,0.0,0.0,0.03731487539745615,0.0,2.985190031796492,5.1204169999437,5.118291999679059,0.00037500012695090845,eval
2025-01-02 12:15:00+00:00,22.8390570437947,0.12156655120307375,22.5,13.10884845706626,233.16295925930143,0.0,0.0,0.0,0.0,0.009699783124034411,0.0,0.7759826499227529,5.1718750000873115,5.169915999886143,0.00037500012695090845,eval
2025-01-02 12:30:00+00:00,22.81070441336474,0.1455574478614732,22.5,13.414561134621618,213.1018796490047,0.0,0.0,0.0,0.0,-0.026385726443738378,0.0,-2.11085811549907,5.106791999878624,5.104666000079305,0.0004169996827840805,eval
2025-01-02 12:45:00+00:00,22.773736533531725,0.16019379695213107,22.5,12.543636742994408,225.88287744529225,0.0,0.0,0.0,0.0,0.04323805717603335,0.0,3.459044574082668,5.145499999798631,5.143332999978156,0.00037499967220355757,eval
2025-01-02 13:00:00+00:00,22.803000252836743,0.14946197171229275,22.5,12.695966946560102,236.4271057167219,1.0,1.0,0.0,0.0,0.06277562712861595,0.0,5.022050170289276,5.12358400010271,5.121540999880381,0.00041600014810683206,eval
2025-01-02 13:15:00+00:00,22.863409924907895,0.12256145291245549,22.5,11.64704125336748,225.04463304168863,3.0,3.0,0.0,0.0,-0.009584212085815835,0.0,-0.7667369668652668,5.142499999692518,5.140457999914361,0.0004579997039400041,eval
2025-01-02 13:30:00+00:00,22.792697178561152,0.1781765458889743,22.5,12.378548620355216,200.429068933616,2.0,2.0,0.0,0.0,-0.010756833134507815,0.0,-0.8605466507606252,5.113749999964057,5.111665999720572,0.00041600014810683206,eval
2025-01-02 13:45:00+00:00,22.78945225855535,0.19775607120446528,22.5,11.074210609881463,209.76625962901556,0.0,0.0,0.0,0.0,0.01779237977733672,0.0,1.4233903821869376,5.130417000145826,5.128457999944658,0.00037500012695090845,eval
2025-01-02 14:00:00+00:00,22.77244286023476,0.20055307705372213,22.5,11.853139152092766,201.13176845167587,1.0,1.0,0.0,0.0,0.010431908970016224,0.0,0.8345527176012979,5.119459000070492,5.117375000281754,0.0004169996827840805,eval
2025-01-02 14:15:00+00:00,22.78744105280536,0.20156914420573308,22.5,11.585958348545365,208.91705018100555,2.0,2.0,0.0,0.0,0.0036730414178869353,0.0,0.2938433134309548,5.1341250000405125,5.132000000230619,0.0004169996827840805,eval
2025-01-02 14:30:00+00:00,22.804707710706413,0.22712295229698476,22.5,10.70589466544636,186.96032163014476,2.0,2.0,0.0,0.0,-0.04170530257632521,0.0,-3.3364242061060168,5.130541999733396,5.128416999923502,0.00037499967220355757,eval
2025-01-02 14:45:00+00:00,22.758420850526676,0.24155476540639476,22.5,10.013038912460209,176.48964189540288,2.0,2.0,0.0,0.0,-0.00784715432196137,0.0,-0.6277723457569095,5.139833000157523,5.13775000035821,0.0004170001375314314,eval
2025-01-02 15:00:00+00:00,22.731932561706763,0.25182030420186113,22.5,9.896847057707353,161.71719584581746,1.0,1.0,0.0,0.0,-0.0378311836473344,0.0,-3.026494691786752,5.117624999911641,5.1155420001123275,0.00041600014810683206,eval
2025-01-02 15:15:00+00:00,22.66134894879614,0.26282038046756534,22.5,9.59297084961676,166.40669404386375,0.0,0.0,0.0,0.0,-0.06406150087357787,0.0,-5.12492006988623,5.129083000156243,5.126915999881021,0.00037500012695090845,eval
2025-01-02 15:30:00+00:00,22.560553765320687,0.2752781563701248,22.5,9.654485287224228,151.91454663193042,3.0,3.0,0.0,0.0,0.033446527184040065,0.0,2.675722174723205,5.142749999777152,5.140750000009575,0.000458000158687355,eval
2025-01-02 15:45:00+00:00,22.605556330012714,0.2850320158169274,22.5,9.404759890914466,150.1391500403002,0.0,0.0,0.0,0.0,-0.050640836652689813,0.0,-4.051266932215185,5.146166000031371,5.144165999809047,0.00041600014810683206,eval
2025-01-02 16:00:00+00:00,22.52878000919522,0.29815067192758915,22.5,9.442858065549396,119.45053299723104,1.0,1.0,0.0,0.0,-0.04329961871514243,0.0,-3.4639694972113944,5.1122499999110005,5.11020899966752,0.0004170001375314314,eval
2025-01-02 16:15:00+00:00,22.469534557250768,0.3120956560294805,22.5,9.110669984248478,105.6302611902976,2.0,2.0,0.0,0.0,0.014391912449813304,0.0,1.1513529959850644,5.125042000145186,5.122999999912281,0.00037500012695090845,eval
2025-01-02 16:30:00+00:00,22.477311314142568,0.32371878985856734,22.5,8.844658699187457,79.89891199690948,0.0,0.0,0.0,0.0,-0.05968292846455725,0.0,-4.77463427716458,5.121416000292811,5.119250000007014,0.0004170001375314314,eval
2025-01-02 16:45:00+00:00,22.370976583938084,0.3402171232692931,22.5,8.54345881771782,87.16371470182727,0.0,0.0,0.0,0.0,-0.051698518088596046,0.0,-4.135881447087684,5.149333000190381,5.147250000391068,0.000458000158687355,eval
2025-01-02 17:00:00+00:00,22.291390339729215,0.3600776689893491,22.5,7.902316099051718,52.31159487436495,1.0,1.0,0.0,0.0,-0.07738435777740804,0.0,-6.190748622192643,5.159749999620544,5.1576249998106505,0.00041600014810683206,eval
2025-01-02 17:15:00+00:00,22.17624648031886,0.38730338148641236,22.5,8.353495423656414,78.33620346224035,2.0,2.0,0.0,0.0,-0.05584285437592129,0.0,-4.467428350073703,5.285833000016282,5.283167000015965,0.0005000001692678779,eval
2025-01-02 17:30:00+00:00,22.16993184077279,0.42092334374306556,22.5,7.788032414116991,30.158662362093956,2.0,2.0,0.0,0.0,-0.06871493570490017,0.0,-5.497194856392014,5.1007500001105655,5.098499999803607,0.0007500002539018169,eval
2025-01-02 17:45:00+00:00,22.1356688530187,0.48841367328327423,22.5,6.768674943152504,18.909517324399896,1.0,1.0,0.0,0.0,-0.08579830945862099,0.0,-6.863864756689679,5.074583999885363,5.072582999673614,0.00037500012695090845,eval
2025-01-02 18:00:00+00:00,22.110807501537483,0.5055566568757298,22.5,7.186228023825661,0.0,1.0,1.0,0.0,0.0,-0.0638928245446273,0.0,-5.111425963570184,5.018165999899793,5.016166000132216,0.00041599969335948117,eval
2025-01-02 18:15:00+00:00,22.13168876767332,0.4768332845864459,22.5,7.005821896266728,0.0,3.0,3.0,0.0,0.0,-0.10382377168009782,0.0,-8.305901734407826,5.045625000093423,5.04370899989226,0.00037500012695090845,eval
2025-01-02 18:30:00+00:00,22.094186594048537,0.524261276520427,22.5,6.978592454425425,0.0,1.0,1.0,0.0,0.0,-0.11698013638228844,0.0,-9.358410910583075,5.033374999584339,5.031250000229193,0.0004170001375314314,eval
2025-01-02 18:45:00+00:00,22.078198273080915,0.5283658043706442,22.5,7.508305047864989,4.977660981784847,0.0,0.0,0.0,0.0,-0.06611146593143857,0.0,-5.288917274515086,5.032292000123562,5.030249999890657,0.00037500012695090845,eval
2025-01-02 19:00:00+00:00,22.129906312403524,0.504112345409671,22.5,7.148062899425899,0.0,0.0,0.0,0.0,0.0,-0.09378017350594092,0.0,-7.502413880475274,5.0146670000685845,5.0127910003539,0.00041599969335948117,eval
2025-01-02 19:15:00+00:00,22.104447442673013,0.5145568541845866,22.5,7.430288442171213,6.109383370227816,0.0,0.0,0.0,0.0,-0.08476182460251636,0.0,-6.7809459682013085,5.051332999755687,5.049458000030427,0.00037499967220355757,eval
2025-01-02 19:30:00+00:00,22.11718276081009,0.5711181638425874,22.5,6.022382829466059,0.0,0.0,0.0,0.0,0.0,-0.09681003007095867,0.0,-7.744802405676694,5.400041000029887,5.398040999807563,0.0004170001375314314,eval
2025-01-02 19:45:00+00:00,22.13071543811696,0.3220674841153033,22.5,6.943793031595585,0.0,0.0,0.0,0.0,0.0,-0.11930043126938372,0.0,-9.544034501550698,5.285834000005707,5.283999999846856,0.00037500012695090845,eval
2025-01-02 20:00:00+00:00,21.844489771747153,0.024145477459009683,21.0,6.854929082192275,1.9009340885018335,0.0,0.0,0.0,0.0,-0.19168168851515333,0.0,-15.334535081212266,3.7685000002056768,3.7665410000045085,0.00037500012695090845,eval
2025-01-02 20:15:00+00:00,21.12230710476383,0.29123143616094316,21.0,6.7995516888241285,16.63390678003416,0.0,0.0,0.0,0.0,-0.0936373674412927,0.0,-7.490989395303416,3.2538749997002014,3.2518749999326246,0.00041599969335948117,eval
2025-01-02 20:30:00+00:00,20.868081134511,0.34873951566583294,21.0,6.58529475009539,9.814139638912506,0.0,0.0,0.0,0.0,-0.06665320332054492,0.0,-5.3322562656435935,3.2577920001131133,3.255791999890789,0.0004170001375314314,eval
2025-01-02 20:45:00+00:00,20.709108441086347,0.39342771485565736,21.0,7.145505414754074,9.530877241421534,0.0,0.0,0.0,0.0,-0.1363943589469585,0.0,-10.91154871575668,3.2742079997660767,3.2722079999985,0.0004169996827840805,eval
2025-01-02 21:00:00+00:00,20.563011770152563,0.500138950707626,21.0,7.380325190593314,0.0,0.0,0.0,0.0,0.0,-0.04297127682334789,0.0,-3.4377021458678314,3.265832999659324,3.2638749999023275,0.0004169996827840805,eval
2025-01-02 21:15:00+00:00,20.650863434980277,0.4365602760998133,21.0,6.993235570195756,0.0,1.0,1.0,0.0,0.0,-0.11960639499138281,0.0,-9.568511599310625,3.261165999902005,3.2592080001450086,0.00041599969335948117,eval
2025-01-02 21:30:00+00:00,20.577296340184244,0.4647174787062158,21.0,7.986201030211775,12.81160518050533,0.0,0.0,0.0,0.0,-0.09022048329685006,0.0,-7.217638663748005,3.257959000166011,3.2559999999648426,0.0004170001375314314,eval
2025-01-02 21:45:00+00:00,20.605415335031577,0.4598010186112149,21.0,7.597577762401786,5.667777339201045,0.0,0.0,0.0,0.0,-0.1731316131430134,0.0,-13.850529051441072,3.2741669997449208,3.272166999977344,0.0004169996827840805,eval
2025-01-02 22:00:00+00:00,20.523491919183368,0.5302259424845828,21.0,7.014888187088339,0.0,1.0,1.0,0.0,0.0,0.010994943818179337,0.0,0.879595505454347,3.2501659998160903,3.2481250000273576,0.0004170001375314314,eval
2025-01-02 22:15:00+00:00,20.70319665115371,0.395036037005911,21.0,7.340371790739063,18.509792854442622,0.0,0.0,0.0,0.0,-0.10204089060195187,0.0,-8.16327124815615,3.2717499998398125,3.2693329999347043,0.0006249997568374965,eval
2025-01-02 22:30:00+00:00,20.60772721918443,0.46480016578253747,21.0,7.436336921787184,0.0,0.0,0.0,0.0,0.0,-0.033925068439010886,0.0,-2.714005475120871,3.2720409999456024,3.2699999997021223,0.0004170001375314314,eval
2025-01-02 22:45:00+00:00,20.660875221821193,0.4092510963987425,21.0,7.975990425793481,1.0906685036573114,0.0,0.0,0.0,0.0,-0.06762096541338636,0.0,-5.409677233070909,3.2652919999236474,3.2634159997542156,0.00037500012695090845,eval
2025-01-02 23:00:00+00:00,20.629952948432937,0.413863617434985,21.0,8.610895602840074,0.0,0.0,0.0,0.0,0.0,-0.08386751261363301,0.0,-6.709401009090641,3.3700829999361304,3.3681670001897146,0.00037499967220355757,eval
2025-01-02 23:15:00+00:00,20.612700307153304,0.42111244273868387,21.0,8.81465093221602,0.0,0.0,0.0,0.0,0.0,-0.09108409065503764,0.0,-7.286727252403011,3.2891659998313116,3.287207999619568,0.0004170001375314314,eval
2025-01-02 23:30:00+00:00,20.60557991836147,0.4296968687396025,21.0,8.652482753621838,0.0,0.0,0.0,0.0,0.0,-0.0716983030315923,0.0,-5.735864242527384,3.2470419996570854,3.2450829999106645,0.00041600014810683206,eval
2025-01-02 23:45:00+00:00,20.62276155757665,0.3884552475972109,21.0,9.268890209417622,19.224497728698264,0.0,0.0,0.0,0.0,0.024956944796379332,0.0,1.9965555837103466,3.2622499998069543,3.2602500000393775,0.0004579997039400041,eval
