timestamp,y,u,setpoint,T_out,solar,occupancy,occupancy_actual,unexpected_occupancy,residual_pred,residual_obs,unexpected_occupancy_pred,unexpected_occupancy_obs,step_runtime_ms,solver_runtime_ms,forecast_runtime_ms,phase
2025-01-01 00:00:00+00:00,21.0,0.0,20.5,5.218983794890082,22.050902397189365,0.0,0.0,0.0,0.0,0.0,0.0,0.0,0.0003330000026835478,0.0,0.0,warmup
2025-01-01 00:10:00+00:00,20.599611210996606,0.0,20.5,5.01172347477212,0.0,0.0,0.0,0.0,0.0,0.0,0.0,0.0,0.00016599994978605537,0.0,0.0,warmup
2025-01-01 00:20:00+00:00,20.191383429634367,0.0,20.5,10.852505380925804,0.0,0.0,0.0,0.0,0.0,0.0,0.0,0.0,0.00012500004231696948,0.0,0.0,warmup
2025-01-01 00:30:00+00:00,19.951364477474726,1.0,20.5,9.834323790002069,7.272943579235063,2.0,2.0,0.0,0.0,0.0,0.0,0.0,0.00012500004231696948,0.0,0.0,warmup
2025-01-01 00:40:00+00:00,20.330012008631847,0.0,20.5,7.685570931595778,3.4074488854644134,0.0,0.0,0.0,0.0,0.0,0.0,0.0,4.099990746908588e-05,0.0,0.0,warmup
2025-01-01 00:50:00+00:00,20.020688846408852,1.0,20.5,7.645572086271003,9.709031795696715,1.0,1.0,0.0,0.0,0.0,0.0,0.0,4.099990746908588e-05,0.0,0.0,warmup
2025-01-01 01:00:00+00:00,20.31962450953245,0.0,20.5,11.206297621062776,0.0,2.0,2.0,0.0,0.0,0.0,0.0,0.0,0.00012500004231696948,0.0,0.0,warmup
2025-01-01 01:10:00+00:00,20.08761084929104,1.0,20.5,10.180731448720524,0.0,0.0,0.0,0.0,0.0,0.0,0.0,0.0,8.300003173644654e-05,0.0,0.0,warmup
2025-01-01 01:20:00+00:00,20.4485088532695,0.0,20.5,6.018472926147308,6.266379418693791,0.0,0.0,0.0,0.0,0.0,0.0,0.0,8.300003173644654e-05,0.0,0.0,warmup
2025-01-01 01:30:00+00:00,20.13291396717429,0.0,20.5,11.464773597791764,0.0,0.0,0.0,0.0,0.0,0.0,0.0,0.0,8.400002116104588e-05,0.0,0.0,warmup
2025-01-01 01:40:00+00:00,19.934760396803792,1.0,20.5,9.45953889796952,0.0,0.0,0.0,0.0,0.0,0.0,0.0,0.0,4.199989689368522e-05,0.0,0.0,warmup
2025-01-01 01:50:00+00:00,20.23239004219876,0.0,20.5,12.935991769683906,0.4112246528819567,1.0,1.0,0.0,0.0,0.0,0.0,0.0,0.00012500004231696948,0.0,0.0,warmup
2025-01-01 02:00:00+00:00,20.068076152784542,1.0,20.5,11.844505316281,9.537797764152486,0.0,0.0,0.0,0.0,0.0,0.0,0.0,4.200001058052294e-05,0.0,0.0,eval
2025-01-01 02:10:00+00:00,20.457258830694,0.0,20.5,12.24466664994636,0.0,0.0,0.0,0.0,0.0,0.0,0.0,0.0,8.299991804960882e-05,0.0,0.0,eval
2025-01-01 02:20:00+00:00,20.281862346615274,0.0,20.5,13.745479876413354,0.0,0.0,0.0,0.0,0.0,0.0,0.0,0.0,8.300003173644654e-05,0.0,0.0,eval
2025-01-01 02:30:00+00:00,20.12867680185136,0.0,20.5,12.446547263217798,22.896602277186048,0.0,0.0,0.0,0.0,0.0,0.0,0.0,4.200001058052294e-05,0.0,0.0,eval
2025-01-01 02:40:00+00:00,19.974793645004954,1.0,20.5,12.772006071157431,0.0,0.0,0.0,0.0,0.0,0.0,0.0,0.0,8.300003173644654e-05,0.0,0.0,eval
2025-01-01 02:50:00+00:00,20.356290740511533,0.0,20.5,11.892892262430363,13.734611004853468,0.0,0.0,0.0,0.0,0.0,0.0,0.0,8.399990747420816e-05,0.0,0.0,eval
2025-01-01 03:00:00+00:00,20.13310983255412,0.0,20.5,13.399784107776515,0.0,1.0,1.0,0.0,0.0,0.0,0.0,0.0,4.200001058052294e-05,0.0,0.0,eval
2025-01-01 03:10:00+00:00,19.964337674447734,1.0,20.5,10.626492225289352,4.849516588235093,1.0,1.0,0.0,0.0,0.0,0.0,0.0,4.200001058052294e-05,0.0,0.0,eval
2025-01-01 03:20:00+00:00,20.323847674930345,0.0,20.5,11.374300928431904,0.0,0.0,0.0,0.0,0.0,0.0,0.0,0.0,0.00012500004231696948,0.0,0.0,eval
2025-01-01 03:30:00+00:00,20.145937096665747,0.0,20.5,13.4725888867972,8.912035229029604,0.0,0.0,0.0,0.0,0.0,0.0,0.0,8.299991804960882e-05,0.0,0.0,eval
2025-01-01 03:40:00+00:00,19.95712004980505,1.0,20.5,13.815223187364124,6.643676296222779,1.0,1.0,0.0,0.0,0.0,0.0,0.0,8.400002116104588e-05,0.0,0.0,eval
2025-01-01 03:50:00+00:00,20.455086240052466,0.0,20.5,12.7005310354716,0.0,0.0,0.0,0.0,0.0,0.0,0.0,0.0,8.300003173644654e-05,0.0,0.0,eval
2025-01-01 04:00:00+00:00,20.223759859588906,0.0,20.5,14.239577780932928,0.0,0.0,0.0,0.0,0.0,0.0,0.0,0.0,8.299991804960882e-05,0.0,0.0,eval
2025-01-01 04:10:00+00:00,20.07039968309015,1.0,20.5,14.170576559591938,20.609076931445244,0.0,0.0,0.0,0.0,0.0,0.0,0.0,4.200001058052294e-05,0.0,0.0,eval
2025-01-01 04:20:00+00:00,20.494956935912413,0.0,20.5,14.89221460479687,0.0,0.0,0.0,0.0,0.0,0.0,0.0,0.0,8.399990747420816e-05,0.0,0.0,eval
2025-01-01 04:30:00+00:00,20.319245243356477,0.0,20.5,15.930177191668962,5.441375245428639,1.0,1.0,0.0,0.0,0.0,0.0,0.0,4.200001058052294e-05,0.0,0.0,eval
2025-01-01 04:40:00+00:00,20.22641796570794,0.0,20.5,12.370857297789463,0.0,0.0,0.0,0.0,0.0,0.0,0.0,0.0,8.400002116104588e-05,0.0,0.0,eval
2025-01-01 04:50:00+00:00,20.055264200978755,1.0,20.5,12.645551512979116,0.0,0.0,0.0,0.0,0.0,0.0,0.0,0.0,0.00012500004231696948,0.0,0.0,eval
2025-01-01 05:00:00+00:00,20.424676015010128,0.0,20.5,14.20448724400836,0.0,0.0,0.0,0.0,0.0,0.0,0.0,0.0,4.199989689368522e-05,0.0,0.0,eval
2025-01-01 05:10:00+00:00,20.20740246268796,0.0,20.5,13.661287768374184,0.0,1.0,1.0,0.0,0.0,0.0,0.0,0.0,8.300003173644654e-05,0.0,0.0,eval
2025-01-01 05:20:00+00:00,20.012095815978476,1.0,20.5,14.678440893964908,0.0,1.0,1.0,0.0,0.0,0.0,0.0,0.0,4.200001058052294e-05,0.0,0.0,eval
2025-01-01 05:30:00+00:00,20.446462237647797,0.0,20.5,14.854745707379116,24.90936296508471,0.0,0.0,0.0,0.0,0.0,0.0,0.0,8.300003173644654e-05,0.0,0.0,eval
2025-01-01 05:40:00+00:00,20.308461033523326,0.0,20.5,14.191188436755269,11.489882510978418,1.0,1.0,0.0,0.0,0.0,0.0,0.0,8.299991804960882e-05,0.0,0.0,eval
2025-01-01 05:50:00+00:00,20.14713779697227,0.0,20.5,13.275919176628005,0.0,0.0,0.0,0.0,0.0,0.0,0.0,0.0,4.200001058052294e-05,0.0,0.0,eval
2025-01-01 06:00:00+00:00,20.002427941438828,1.0,20.5,15.785533544592646,3.723283563035064,1.0,1.0,0.0,0.0,0.0,0.0,0.0,8.300003173644654e-05,0.0,0.0,eval
2025-01-01 06:10:00+00:00,20.500146933073715,0.0,20.5,14.936144259851703,43.53403845950743,0.0,0.0,0.0,0.0,0.0,0.0,0.0,4.200001058052294e-05,0.0,0.0,eval
2025-01-01 06:20:00+00:00,20.38705426266756,0.0,20.5,16.097694298627616,46.61126879938229,0.0,0.0,0.0,0.0,0.0,0.0,0.0,8.300003173644654e-05,0.0,0.0,eval
2025-01-01 06:30:00+00:00,20.269800233381616,0.0,20.5,12.652736757473097,57.05252518063585,0.0,0.0,0.0,0.0,0.0,0.0,0.0,4.200001058052294e-05,0.0,0.0,eval
2025-01-01 06:40:00+00:00,20.104263369981073,0.0,20.5,14.14031845602273,60.59968531959942,1.0,1.0,0.0,0.0,0.0,0.0,0.0,4.200001058052294e-05,0.0,0.0,eval
2025-01-01 06:50:00+00:00,20.03379006651032,1.0,20.5,12.66201432234882,63.71719463901383,0.0,0.0,0.0,0.0,0.0,0.0,0.0,8.400002116104588e-05,0.0,0.0,eval
2025-01-01 07:00:00+00:00,20.473862604363827,1.0,22.0,17.140497624309955,67.97035859698329,0.0,0.0,0.0,0.0,0.0,0.0,0.0,4.200001058052294e-05,0.0,0.0,eval
2025-01-01 07:10:00+00:00,21.023933350453575,1.0,22.0,15.477273407652197,83.20746955828882,0.0,0.0,0.0,0.0,0.0,0.0,0.0,8.299991804960882e-05,0.0,0.0,eval
2025-01-01 07:20:00+00:00,21.488551060707998,1.0,22.0,15.410280319422435,124.7238718033088,0.0,0.0,0.0,0.0,0.0,0.0,0.0,8.299991804960882e-05,0.0,0.0,eval
2025-01-01 07:30:00+00:00,21.97179383228859,0.0,22.0,12.62355855842048,110.6390705139987,3.0,3.0,0.0,0.0,0.0,0.0,0.0,0.00012500004231696948,0.0,0.0,eval
2025-01-01 07:40:00+00:00,21.771392125166095,0.0,22.0,10.976638547806465,109.97127265276708,6.0,6.0,0.0,0.0,0.0,0.0,0.0,4.200001058052294e-05,0.0,0.0,eval
2025-01-01 07:50:00+00:00,21.6518049844518,0.0,22.0,13.574667183947966,130.49033746409293,4.0,4.0,0.0,0.0,0.0,0.0,0.0,8.399990747420816e-05,0.0,0.0,eval
2025-01-01 08:00:00+00:00,21.56677387519671,1.0,22.0,11.853098845411804,141.41004296353964,2.0,2.0,0.0,0.0,0.0,0.0,0.0,0.00012500004231696948,0.0,0.0,eval
2025-01-01 08:10:00+00:00,22.043205092304614,0.0,22.0,15.467084370118894,152.3636921317882,2.0,2.0,0.0,0.0,0.0,0.0,0.0,8.399990747420816e-05,0.0,0.0,eval
2025-01-01 08:20:00+00:00,21.985092988526326,0.0,22.0,10.642414177180044,63.862195900230944,3.0,3.0,0.0,0.0,0.0,0.0,0.0,8.300003173644654e-05,0.0,0.0,eval
2025-01-01 08:30:00+00:00,21.69875666587709,0.0,22.0,13.814524957608258,158.50928512212087,4.0,4.0,0.0,0.0,0.0,0.0,0.0,8.300003173644654e-05,0.0,0.0,eval
2025-01-01 08:40:00+00:00,21.596481683720675,1.0,22.0,14.509605082758627,186.25201959796755,10.0,10.0,0.0,0.0,0.0,0.0,0.0,4.200001058052294e-05,0.0,0.0,eval
2025-01-01 08:50:00+00:00,22.217056675896348,0.0,22.0,12.373250923744331,201.9907470755116,2.0,2.0,0.0,0.0,0.0,0.0,0.0,8.400002116104588e-05,0.0,0.0,eval
2025-01-01 09:00:00+00:00,22.090845765710863,0.0,22.0,10.994865292312287,212.63168861837616,5.0,12.0,7.0,0.0,0.0,0.0,0.0,8.400002116104588e-05,0.0,0.0,eval
2025-01-01 09:10:00+00:00,22.06541927241321,0.0,22.0,13.019720426293471,211.97280575036856,2.0,2.0,0.0,0.0,0.0,0.0,0.0,4.200001058052294e-05,0.0,0.0,eval
2025-01-01 09:20:00+00:00,21.983782840394486,0.0,22.0,9.44639083329242,217.77333173246925,1.0,1.0,0.0,0.0,0.0,0.0,0.0,8.300003173644654e-05,0.0,0.0,eval
2025-01-01 09:30:00+00:00,21.716679749581637,0.0,22.0,10.517955872686398,224.43423595815176,5.0,5.0,0.0,0.0,0.0,0.0,0.0,8.299991804960882e-05,0.0,0.0,eval
2025-01-01 09:40:00+00:00,21.64176722537747,0.0,22.0,10.108127793396452,229.80879151697152,5.0,5.0,0.0,0.0,0.0,0.0,0.0,4.200001058052294e-05,0.0,0.0,eval
2025-01-01 09:50:00+00:00,21.527779966204854,1.0,22.0,10.592693269034346,215.78614534575468,6.0,13.0,7.0,0.0,0.0,0.0,0.0,4.200001058052294e-05,0.0,0.0,eval
2025-01-01 10:00:00+00:00,22.06570729225555,0.0,22.0,9.752104458554388,231.6522519582432,4.0,4.0,0.0,0.0,0.0,0.0,0.0,8.300003173644654e-05,0.0,0.0,eval
2025-01-01 10:10:00+00:00,21.97305406150121,0.0,22.0,12.655192367934722,249.5105620034642,4.0,4.0,0.0,0.0,0.0,0.0,0.0,4.200001058052294e-05,0.0,0.0,eval
2025-01-01 10:20:00+00:00,21.90128842599316,0.0,22.0,9.034152523273196,250.00341379549957,2.0,2.0,0.0,0.0,0.0,0.0,0.0,8.400002116104588e-05,0.0,0.0,eval
2025-01-01 10:30:00+00:00,21.751750584894197,0.0,22.0,6.968147286314599,258.6023549239435,4.0,4.0,0.0,0.0,0.0,0.0,0.0,4.200001058052294e-05,0.0,0.0,eval
2025-01-01 10:40:00+00:00,21.544309430401956,1.0,22.0,9.644975171698038,287.1841502814561,4.0,11.0,7.0,0.0,0.0,0.0,0.0,4.200001058052294e-05,0.0,0.0,eval
2025-01-01 10:50:00+00:00,22.082599442140985,0.0,22.0,9.950703341412774,244.84679502482928,2.0,9.0,7.0,0.0,0.0,0.0,0.0,4.200001058052294e-05,0.0,0.0,eval
2025-01-01 11:00:00+00:00,21.995922251845894,0.0,22.0,6.7752431454228645,254.23564246087383,1.0,8.0,7.0,0.0,0.0,0.0,0.0,8.299991804960882e-05,0.0,0.0,eval
2025-01-01 11:10:00+00:00,21.79397102123115,0.0,22.0,6.544595939111382,285.9200768054228,1.0,8.0,7.0,0.0,0.0,0.0,0.0,8.399990747420816e-05,0.0,0.0,eval
2025-01-01 11:20:00+00:00,21.667062869155213,0.0,22.0,9.685620425483718,269.5027109259411,1.0,1.0,0.0,0.0,0.0,0.0,0.0,8.299991804960882e-05,0.0,0.0,eval
2025-01-01 11:30:00+00:00,21.479555923821845,1.0,22.0,6.031319979608923,266.87630988939463,3.0,3.0,0.0,0.0,0.0,0.0,0.0,4.200001058052294e-05,0.0,0.0,eval
2025-01-01 11:40:00+00:00,21.83101090270177,0.0,22.0,7.26324399161271,264.7608504442988,2.0,2.0,0.0,0.0,0.0,0.0,0.0,4.200001058052294e-05,0.0,0.0,eval
2025-01-01 11:50:00+00:00,21.644730135390226,0.0,22.0,3.273483724191315,277.4087918729289,1.0,1.0,0.0,0.0,0.0,0.0,0.0,4.200001058052294e-05,0.0,0.0,eval
2025-01-01 12:00:00+00:00,21.330447564737412,1.0,22.0,4.2488647588802735,274.9419299016501,2.0,2.0,0.0,0.0,0.0,0.0,0.0,8.300003173644654e-05,0.0,0.0,eval
2025-01-01 12:10:00+00:00,21.62938824848045,0.0,22.0,6.9833702395825865,258.87538026164776,5.0,5.0,0.0,0.0,0.0,0.0,0.0,8.299991804960882e-05,0.0,0.0,eval
2025-01-01 12:20:00+00:00,21.425065972873128,1.0,22.0,5.553713408196027,261.8089169563729,3.0,3.0,0.0,0.0,0.0,0.0,0.0,4.200001058052294e-05,0.0,0.0,eval
2025-01-01 12:30:00+00:00,21.74986661567701,0.0,22.0,5.406988930269527,276.3930326868894,2.0,2.0,0.0,0.0,0.0,0.0,0.0,8.300003173644654e-05,0.0,0.0,eval
2025-01-01 12:40:00+00:00,21.547239374608907,1.0,22.0,7.264784725863513,277.28963938813257,1.0,4.0,3.0,0.0,0.0,0.0,0.0,8.300003173644654e-05,0.0,0.0,eval
2025-01-01 12:50:00+00:00,21.90495035792585,0.0,22.0,4.181083819604572,252.16150076864375,3.0,6.0,3.0,0.0,0.0,0.0,0.0,8.300003173644654e-05,0.0,0.0,eval
2025-01-01 13:00:00+00:00,21.62624686242256,0.0,22.0,4.019562160255913,270.58676909521677,2.0,2.0,0.0,0.0,0.0,0.0,0.0,8.300003173644654e-05,0.0,0.0,eval
2025-01-01 13:10:00+00:00,21.379808644635933,1.0,22.0,-0.2162232943853466,237.80238594306667,4.0,4.0,0.0,0.0,0.0,0.0,0.0,8.300003173644654e-05,0.0,0.0,eval
2025-01-01 13:20:00+00:00,21.553157078531072,1.0,22.0,3.476242170130793,238.1616491370573,2.0,2.0,0.0,0.0,0.0,0.0,0.0,4.200001058052294e-05,0.0,0.0,eval
2025-01-01 13:30:00+00:00,21.83529066049368,0.0,22.0,3.5538663120480325,234.19166595591997,2.0,2.0,0.0,0.0,0.0,0.0,0.0,8.399990747420816e-05,0.0,0.0,eval
2025-01-01 13:40:00+00:00,21.50580860188759,1.0,22.0,0.4854715436747092,224.33239896472537,6.0,6.0,0.0,0.0,0.0,0.0,0.0,8.300003173644654e-05,0.0,0.0,eval
2025-01-01 13:50:00+00:00,21.75753772403214,0.0,22.0,-2.126388274494659,225.10549891429525,7.0,14.0,7.0,0.0,0.0,0.0,0.0,8.399990747420816e-05,0.0,0.0,eval
2025-01-01 14:00:00+00:00,21.43337472544499,1.0,22.0,1.9575891447826883,213.70147717629257,2.0,9.0,7.0,0.0,0.0,0.0,0.0,8.300003173644654e-05,0.0,0.0,eval
2025-01-01 14:10:00+00:00,21.753214397965923,0.0,22.0,1.90184426852267,208.05558937396776,1.0,8.0,7.0,0.0,0.0,0.0,0.0,8.400002116104588e-05,0.0,0.0,eval
2025-01-01 14:20:00+00:00,21.495259962348037,1.0,22.0,4.950070513740551,213.1085524303334,2.0,2.0,0.0,0.0,0.0,0.0,0.0,8.300003173644654e-05,0.0,0.0,eval
2025-01-01 14:30:00+00:00,21.722674897271766,0.0,22.0,2.078533699446906,190.8069924044365,3.0,3.0,0.0,0.0,0.0,0.0,0.0,8.400002116104588e-05,0.0,0.0,eval
2025-01-01 14:40:00+00:00,21.33586279541503,1.0,22.0,1.0428080691701491,183.03914997514204,3.0,3.0,0.0,0.0,0.0,0.0,0.0,4.200001058052294e-05,0.0,0.0,eval
2025-01-01 14:50:00+00:00,21.496477757108803,1.0,22.0,0.3191463674633101,189.8849332550473,2.0,2.0,0.0,0.0,0.0,0.0,0.0,4.199989689368522e-05,0.0,0.0,eval
2025-01-01 15:00:00+00:00,21.67759746495654,0.0,22.0,2.7031891349161716,183.48309343195888,3.0,3.0,0.0,0.0,0.0,0.0,0.0,4.200001058052294e-05,0.0,0.0,eval
2025-01-01 15:10:00+00:00,21.29721263140848,1.0,22.0,-0.110564225237365,182.04045227653097,1.0,1.0,0.0,0.0,0.0,0.0,0.0,4.199989689368522e-05,0.0,0.0,eval
2025-01-01 15:20:00+00:00,21.484429667653238,1.0,22.0,2.4915613730118378,178.50948329025564,3.0,3.0,0.0,0.0,0.0,0.0,0.0,8.299991804960882e-05,0.0,0.0,eval
2025-01-01 15:30:00+00:00,21.703136001303836,0.0,22.0,0.4338566240728857,160.1738974598381,4.0,4.0,0.0,0.0,0.0,0.0,0.0,0.00012500004231696948,0.0,0.0,eval
2025-01-01 15:40:00+00:00,21.229030296794107,1.0,22.0,1.30013642737071,140.06676482579113,3.0,10.0,7.0,0.0,0.0,0.0,0.0,8.299991804960882e-05,0.0,0.0,eval
2025-01-01 15:50:00+00:00,21.532191733292944,1.0,22.0,-1.0629311333452107,130.95496302435953,5.0,12.0,7.0,0.0,0.0,0.0,0.0,4.200001058052294e-05,0.0,0.0,eval
2025-01-01 16:00:00+00:00,21.79130823441546,0.0,22.0,0.699834529544653,130.4916732417103,1.0,1.0,0.0,0.0,0.0,0.0,0.0,0.00012500004231696948,0.0,0.0,eval
2025-01-01 16:10:00+00:00,21.322186377866515,1.0,22.0,3.0448799054238296,114.35293845477784,1.0,1.0,0.0,0.0,0.0,0.0,0.0,4.1000021155923605e-05,0.0,0.0,eval
2025-01-01 16:20:00+00:00,21.4976967130252,1.0,22.0,1.5497116627669771,111.37066195951353,3.0,3.0,0.0,0.0,0.0,0.0,0.0,8.300003173644654e-05,0.0,0.0,eval
2025-01-01 16:30:00+00:00,21.647072823827493,0.0,22.0,-0.643032229942138,89.31399245698096,3.0,3.0,0.0,0.0,0.0,0.0,0.0,8.300003173644654e-05,0.0,0.0,eval
2025-01-01 16:40:00+00:00,21.13074998045399,1.0,22.0,-0.8545474187414827,63.587362774682234,1.0,1.0,0.0,0.0,0.0,0.0,0.0,4.200001058052294e-05,0.0,0.0,eval
2025-01-01 16:50:00+00:00,21.282663233443568,1.0,22.0,0.1800165817677287,80.7617269870712,3.0,3.0,0.0,0.0,0.0,0.0,0.0,4.200001058052294e-05,0.0,0.0,eval
2025-01-01 17:00:00+00:00,21.414508856653626,1.0,22.0,0.5771128721466726,38.30942087149255,0.0,0.0,0.0,0.0,0.0,0.0,0.0,8.400002116104588e-05,0.0,0.0,eval
2025-01-01 17:10:00+00:00,21.488706257637958,1.0,22.0,-1.1340323632369085,51.009938487140026,4.0,4.0,0.0,0.0,0.0,0.0,0.0,8.300003173644654e-05,0.0,0.0,eval
2025-01-01 17:20:00+00:00,21.604899542878275,0.0,22.0,-2.63925281475033,33.086989605872425,3.0,3.0,0.0,0.0,0.0,0.0,0.0,8.400002116104588e-05,0.0,0.0,eval
2025-01-01 17:30:00+00:00,21.05940347093112,1.0,22.0,-1.519658854019295,27.59165701681395,4.0,4.0,0.0,0.0,0.0,0.0,0.0,8.400002116104588e-05,0.0,0.0,eval
2025-01-01 17:40:00+00:00,21.11896976039707,1.0,22.0,0.8209706425428006,0.0,2.0,2.0,0.0,0.0,0.0,0.0,0.0,4.200001058052294e-05,0.0,0.0,eval
2025-01-01 17:50:00+00:00,21.207946174695106,1.0,22.0,-2.3799756926387436,0.0,1.0,1.0,0.0,0.0,0.0,0.0,0.0,4.200001058052294e-05,0.0,0.0,eval
2025-01-01 18:00:00+00:00,21.16701110932103,1.0,22.0,0.1655316212007943,0.0,0.0,0.0,0.0,0.0,0.0,0.0,0.0,4.200001058052294e-05,0.0,0.0,eval
2025-01-01 18:10:00+00:00,21.200917812126892,1.0,22.0,-4.107540371562734,0.0,1.0,1.0,0.0,0.0,0.0,0.0,0.0,8.400002116104588e-05,0.0,0.0,eval
2025-01-01 18:20:00+00:00,21.20183681076039,1.0,22.0,0.8895809996529417,4.429776401846489,0.0,0.0,0.0,0.0,0.0,0.0,0.0,4.200001058052294e-05,0.0,0.0,eval
2025-01-01 18:30:00+00:00,21.238733811309917,1.0,22.0,-1.3733558790359952,5.473890730252462,5.0,9.0,4.0,0.0,0.0,0.0,0.0,4.200001058052294e-05,0.0,0.0,eval
2025-01-01 18:40:00+00:00,21.428770965457606,1.0,22.0,-0.2976622888407079,0.0,0.0,7.0,7.0,0.0,0.0,0.0,0.0,0.00012500004231696948,0.0,0.0,eval
2025-01-01 18:50:00+00:00,21.54351577926513,1.0,22.0,-0.9412391769645384,0.0,0.0,0.0,0.0,0.0,0.0,0.0,0.0,4.200001058052294e-05,0.0,0.0,eval
2025-01-01 19:00:00+00:00,21.551601124208283,1.0,22.0,0.617867468124065,0.0,1.0,1.0,0.0,0.0,0.0,0.0,0.0,4.200001058052294e-05,0.0,0.0,eval
2025-01-01 19:10:00+00:00,21.62729903147904,0.0,22.0,1.892124763757568,0.0,0.0,0.0,0.0,0.0,0.0,0.0,0.0,8.400002116104588e-05,0.0,0.0,eval
2025-01-01 19:20:00+00:00,21.111847347128375,1.0,22.0,1.1625976759482852,0.0,0.0,0.0,0.0,0.0,0.0,0.0,0.0,8.300003173644654e-05,0.0,0.0,eval
2025-01-01 19:30:00+00:00,21.140649934731982,1.0,22.0,-0.7538850036186907,0.0,0.0,0.0,0.0,0.0,0.0,0.0,0.0,8.300003173644654e-05,0.0,0.0,eval
2025-01-01 19:40:00+00:00,21.155169507511815,1.0,22.0,2.229055772729617,0.0,1.0,1.0,0.0,0.0,0.0,0.0,0.0,4.200001058052294e-05,0.0,0.0,eval
2025-01-01 19:50:00+00:00,21.285173980881005,1.0,22.0,-0.3808622329968814,0.0,0.0,0.0,0.0,0.0,0.0,0.0,0.0,8.300003173644654e-05,0.0,0.0,eval
2025-01-01 20:00:00+00:00,21.301185606584223,0.0,20.5,1.1518371081834116,8.116875491298861,1.0,1.0,0.0,0.0,0.0,0.0,0.0,0.00016599994978605537,0.0,0.0,eval
2025-01-01 20:10:00+00:00,20.789936183399902,0.0,20.5,1.896851473205957,5.838209219400886,0.0,0.0,0.0,0.0,0.0,0.0,0.0,0.00012500004231696948,0.0,0.0,eval
2025-01-01 20:20:00+00:00,20.322580347351796,0.0,20.5,3.4981241607186133,13.671980043662876,0.0,0.0,0.0,0.0,0.0,0.0,0.0,8.300003173644654e-05,0.0,0.0,eval
2025-01-01 20:30:00+00:00,19.92178421695211,1.0,20.5,0.935377407478736,0.0,1.0,1.0,0.0,0.0,0.0,0.0,0.0,8.300003173644654e-05,0.0,0.0,eval
2025-01-01 20:40:00+00:00,19.97389802692274,1.0,20.5,-3.2192012680065725,4.383399619143158,0.0,0.0,0.0,0.0,0.0,0.0,0.0,4.200001058052294e-05,0.0,0.0,eval
2025-01-01 20:50:00+00:00,20.01416932179746,1.0,20.5,2.564562629942607,17.019782750841188,0.0,0.0,0.0,0.0,0.0,0.0,0.0,8.400002116104588e-05,0.0,0.0,eval
2025-01-01 21:00:00+00:00,20.200627823215115,0.0,20.5,1.228089423321361,0.0,0.0,0.0,0.0,0.0,0.0,0.0,0.0,0.00012500004231696948,0.0,0.0,eval
2025-01-01 21:10:00+00:00,19.683071820838343,1.0,20.5,2.9895889814997156,0.0,0.0,0.0,0.0,0.0,0.0,0.0,0.0,8.300003173644654e-05,0.0,0.0,eval
2025-01-01 21:20:00+00:00,19.841958100940776,1.0,20.5,-0.7526777277508558,22.424207343564333,0.0,0.0,0.0,0.0,0.0,0.0,0.0,4.200001058052294e-05,0.0,0.0,eval
2025-01-01 21:30:00+00:00,19.952578539970087,1.0,20.5,0.222061421700209,0.0,0.0,0.0,0.0,0.0,0.0,0.0,0.0,8.300003173644654e-05,0.0,0.0,eval
2025-01-01 21:40:00+00:00,20.053915968405647,1.0,20.5,2.9876484245344397,10.851945201494503,0.0,0.0,0.0,0.0,0.0,0.0,0.0,8.300003173644654e-05,0.0,0.0,eval
2025-01-01 21:50:00+00:00,20.208134093629088,0.0,20.5,3.3029767704127235,0.0,1.0,1.0,0.0,0.0,0.0,0.0,0.0,8.300003173644654e-05,0.0,0.0,eval
2025-01-01 22:00:00+00:00,19.75258664439596,1.0,20.5,4.290666723416516,16.20950947747203,0.0,0.0,0.0,0.0,0.0,0.0,0.0,4.200001058052294e-05,0.0,0.0,eval
2025-01-01 22:10:00+00:00,19.99415935086558,1.0,20.5,2.8737386911062694,0.0,0.0,0.0,0.0,0.0,0.0,0.0,0.0,4.200001058052294e-05,0.0,0.0,eval
2025-01-01 22:20:00+00:00,20.204563791656298,0.0,20.5,3.9166073671699952,0.0,0.0,0.0,0.0,0.0,0.0,0.0,0.0,4.200001058052294e-05,0.0,0.0,eval
2025-01-01 22:30:00+00:00,19.77674421090891,1.0,20.5,2.4004336154060866,0.0,0.0,0.0,0.0,0.0,0.0,0.0,0.0,4.200001058052294e-05,0.0,0.0,eval
2025-01-01 22:40:00+00:00,20.009074476667642,1.0,20.5,3.2842826855554508,1.1080188232350034,0.0,0.0,0.0,0.0,0.0,0.0,0.0,4.200001058052294e-05,0.0,0.0,eval
2025-01-01 22:50:00+00:00,20.198628928851015,1.0,21.5,3.846947433567744,9.235120807688848,0.0,0.0,0.0,0.0,0.0,0.0,0.0,4.199989689368522e-05,0.0,0.0,eval
2025-01-01 23:00:00+00:00,20.417595960484498,0.0,20.5,5.946865136396112,7.993630745477358,0.0,0.0,0.0,0.0,0.0,0.0,0.0,8.299991804960882e-05,0.0,0.0,eval
2025-01-01 23:10:00+00:00,20.04497228635394,1.0,20.5,5.407534148640159,15.53605766963665,0.0,0.0,0.0,0.0,0.0,0.0,0.0,4.200001058052294e-05,0.0,0.0,eval
2025-01-01 23:20:00+00:00,20.306376674335198,0.0,20.5,6.0643876714395,0.0,1.0,1.0,0.0,0.0,0.0,0.0,0.0,8.300003173644654e-05,0.0,0.0,eval
2025-01-01 23:30:00+00:00,19.93713941238801,1.0,20.5,7.974162150165272,0.0,1.0,1.0,0.0,0.0,0.0,0.0,0.0,8.299991804960882e-05,0.0,0.0,eval
2025-01-01 23:40:00+00:00,20.191033273538338,0.0,20.5,6.1843858640313885,0.0,0.0,0.0,0.0,0.0,0.0,0.0,0.0,8.300003173644654e-05,0.0,0.0,eval
2025-01-01 23:50:00+00:00,19.879202444197816,1.0,20.5,8.10422676520996,0.0,0.0,0.0,0.0,0.0,0.0,0.0,0.0,4.200001058052294e-05,0.0,0.0,eval
2025-01-02 00:00:00+00:00,20.13742269727127,0.0,20.5,2.6167423948788073,0.0,1.0,1.0,0.0,0.0,0.0,0.0,0.0,4.200001058052294e-05,0.0,0.0,eval
2025-01-02 00:10:00+00:00,19.72541061041987,1.0,20.5,4.008330337553814,0.0,1.0,1.0,0.0,0.0,0.0,0.0,0.0,4.200001058052294e-05,0.0,0.0,eval
2025-01-02 00:20:00+00:00,19.915860852991838,1.0,20.5,1.6692283934804728,0.0,1.0,1.0,0.0,0.0,0.0,0.0,0.0,4.200001058052294e-05,0.0,0.0,eval
2025-01-02 00:30:00+00:00,20.089784593334635,1.0,20.5,1.469224647293017,0.0,0.0,0.0,0.0,0.0,0.0,0.0,0.0,8.300003173644654e-05,0.0,0.0,eval
2025-01-02 00:40:00+00:00,20.223323572147677,0.0,20.5,6.08443769221253,0.0,1.0,1.0,0.0,0.0,0.0,0.0,0.0,8.400002116104588e-05,0.0,0.0,eval
2025-01-02 00:50:00+00:00,19.847887568167156,1.0,20.5,2.1503336474809007,8.794475013396841,1.0,1.0,0.0,0.0,0.0,0.0,0.0,4.200001058052294e-05,0.0,0.0,eval
2025-01-02 01:00:00+00:00,20.005905808902483,1.0,20.5,3.7121859905247505,4.454142724519844,0.0,0.0,0.0,0.0,0.0,0.0,0.0,4.200001058052294e-05,0.0,0.0,eval
2025-01-02 01:10:00+00:00,20.14942098064979,0.0,20.5,6.918497285748737,7.62976730257601,0.0,0.0,0.0,0.0,0.0,0.0,0.0,8.300003173644654e-05,0.0,0.0,eval
2025-01-02 01:20:00+00:00,19.811477263753392,1.0,20.5,3.45436306771366,0.0,0.0,0.0,0.0,0.0,0.0,0.0,0.0,4.199989689368522e-05,0.0,0.0,eval
2025-01-02 01:30:00+00:00,19.996678745390568,1.0,20.5,6.121639326853003,5.183718574552357,0.0,0.0,0.0,0.0,0.0,0.0,0.0,8.300003173644654e-05,0.0,0.0,eval
2025-01-02 01:40:00+00:00,20.269454648556067,0.0,20.5,6.741773003705996,0.0,0.0,0.0,0.0,0.0,0.0,0.0,0.0,0.00012500004231696948,0.0,0.0,eval
2025-01-02 01:50:00+00:00,19.899081353228908,1.0,20.5,6.82157654946137,10.054768778459644,0.0,0.0,0.0,0.0,0.0,0.0,0.0,4.1000021155923605e-05,0.0,0.0,eval
2025-01-02 02:00:00+00:00,20.19334939926381,0.0,20.5,6.038621340432416,0.0,1.0,1.0,0.0,0.0,0.0,0.0,0.0,0.00012500004231696948,0.0,0.0,eval
2025-01-02 02:10:00+00:00,19.789447054770744,1.0,20.5,7.267651791872303,0.0,0.0,0.0,0.0,0.0,0.0,0.0,0.0,4.200001058052294e-05,0.0,0.0,eval
2025-01-02 02:20:00+00:00,20.071391942234403,1.0,20.5,7.766974433455792,0.0,1.0,1.0,0.0,0.0,0.0,0.0,0.0,4.200001058052294e-05,0.0,0.0,eval
2025-01-02 02:30:00+00:00,20.36968265422735,0.0,20.5,8.342260422771773,7.10009714663965,1.0,1.0,0.0,0.0,0.0,0.0,0.0,8.400002116104588e-05,0.0,0.0,eval
2025-01-02 02:40:00+00:00,20.105774741422454,0.0,20.5,3.7907528006930447,5.72000885553842,0.0,0.0,0.0,0.0,0.0,0.0,0.0,8.299991804960882e-05,0.0,0.0,eval
2025-01-02 02:50:00+00:00,19.706101951434334,1.0,20.5,8.254813739702653,0.0,0.0,0.0,0.0,0.0,0.0,0.0,0.0,4.1000021155923605e-05,0.0,0.0,eval
2025-01-02 03:00:00+00:00,19.977496681704423,1.0,20.5,7.933595202612205,0.0,0.0,0.0,0.0,0.0,0.0,0.0,0.0,4.200001058052294e-05,0.0,0.0,eval
2025-01-02 03:10:00+00:00,20.261209332190553,1.0,22.5,9.124345300572502,4.061924478554688,1.0,1.0,0.0,0.0,0.0,0.0,0.0,4.200001058052294e-05,0.0,0.0,eval
2025-01-02 03:20:00+00:00,20.639484223641844,0.0,20.5,10.472936234683264,0.0,0.0,0.0,0.0,0.0,0.0,0.0,0.0,0.00012500004231696948,0.0,0.0,eval
2025-01-02 03:30:00+00:00,20.370008257647402,0.0,20.5,9.24875833816501,0.0,0.0,0.0,0.0,0.0,0.0,0.0,0.0,4.200001058052294e-05,0.0,0.0,eval
2025-01-02 03:40:00+00:00,20.08235412923097,1.0,20.5,8.367503081387516,0.0,1.0,1.0,0.0,0.0,0.0,0.0,0.0,4.200001058052294e-05,0.0,0.0,eval
2025-01-02 03:50:00+00:00,20.437657697775848,0.0,20.5,13.48035943487788,16.80988610521052,0.0,0.0,0.0,0.0,0.0,0.0,0.0,8.400002116104588e-05,0.0,0.0,eval
2025-01-02 04:00:00+00:00,20.256346931303646,0.0,20.5,7.072979936738804,26.616783090624615,0.0,0.0,0.0,0.0,0.0,0.0,0.0,4.199989689368522e-05,0.0,0.0,eval
2025-01-02 04:10:00+00:00,19.940930762673432,1.0,20.5,10.217745903103085,0.0,1.0,1.0,0.0,0.0,0.0,0.0,0.0,4.200001058052294e-05,0.0,0.0,eval
2025-01-02 04:20:00+00:00,20.304926935215214,0.0,20.5,8.616544371948578,0.0,0.0,0.0,0.0,0.0,0.0,0.0,0.0,8.299991804960882e-05,0.0,0.0,eval
2025-01-02 04:30:00+00:00,20.009704491087117,1.0,20.5,10.590650694955642,0.0,1.0,1.0,0.0,0.0,0.0,0.0,0.0,8.300003173644654e-05,0.0,0.0,eval
2025-01-02 04:40:00+00:00,20.42034826007616,0.0,20.5,13.4878120373983,6.15667441149123,0.0,0.0,0.0,0.0,0.0,0.0,0.0,8.400002116104588e-05,0.0,0.0,eval
2025-01-02 04:50:00+00:00,20.252737431986397,0.0,20.5,11.11723379797456,9.117373105975489,2.0,2.0,0.0,0.0,0.0,0.0,0.0,4.200001058052294e-05,0.0,0.0,eval
2025-01-02 05:00:00+00:00,20.068024043272864,1.0,20.5,10.548226142491815,3.304557024747253,0.0,0.0,0.0,0.0,0.0,0.0,0.0,4.200001058052294e-05,0.0,0.0,eval
2025-01-02 05:10:00+00:00,20.430058959081535,0.0,20.5,12.417022507653307,0.0,0.0,0.0,0.0,0.0,0.0,0.0,0.0,4.200001058052294e-05,0.0,0.0,eval
2025-01-02 05:20:00+00:00,20.282481095863407,0.0,20.5,11.362558968461071,0.0,0.0,0.0,0.0,0.0,0.0,0.0,0.0,4.200001058052294e-05,0.0,0.0,eval
2025-01-02 05:30:00+00:00,19.99788013929086,1.0,20.5,13.310482333054557,0.0,0.0,0.0,0.0,0.0,0.0,0.0,0.0,4.200001058052294e-05,0.0,0.0,eval
2025-01-02 05:40:00+00:00,20.374605620185488,0.0,20.5,11.287873796058095,0.0,0.0,0.0,0.0,0.0,0.0,0.0,0.0,8.299991804960882e-05,0.0,0.0,eval
2025-01-02 05:50:00+00:00,20.155705222002656,0.0,20.5,11.174562907425557,8.725552189757483,2.0,2.0,0.0,0.0,0.0,0.0,0.0,8.300003173644654e-05,0.0,0.0,eval
2025-01-02 06:00:00+00:00,19.986405856121916,1.0,20.5,12.223759196458404,3.201864827205225,0.0,0.0,0.0,0.0,0.0,0.0,0.0,4.099990746908588e-05,0.0,0.0,eval
2025-01-02 06:10:00+00:00,20.45487752651271,0.0,20.5,12.706198892490724,6.029603540571214,0.0,0.0,0.0,0.0,0.0,0.0,0.0,0.00012500004231696948,0.0,0.0,eval
2025-01-02 06:20:00+00:00,20.275308849260806,0.0,20.5,13.28144958988917,6.74845058885848,0.0,0.0,0.0,0.0,0.0,0.0,0.0,8.399990747420816e-05,0.0,0.0,eval
2025-01-02 06:30:00+00:00,20.117835533239138,0.0,20.5,11.37937014575288,17.408898019175943,0.0,0.0,0.0,0.0,0.0,0.0,0.0,8.300003173644654e-05,0.0,0.0,eval
2025-01-02 06:40:00+00:00,19.88734594671872,1.0,20.5,13.141233982238262,15.734825440891155,0.0,0.0,0.0,0.0,0.0,0.0,0.0,8.300003173644654e-05,0.0,0.0,eval
2025-01-02 06:50:00+00:00,20.280082921910868,0.0,20.5,12.14095060111892,0.0,1.0,1.0,0.0,0.0,0.0,0.0,0.0,8.300003173644654e-05,0.0,0.0,eval
2025-01-02 07:00:00+00:00,20.090073976144577,1.0,22.0,12.567095323386893,21.27333168816712,0.0,0.0,0.0,0.0,0.0,0.0,0.0,4.1000021155923605e-05,0.0,0.0,eval
2025-01-02 07:10:00+00:00,20.48138581006984,1.0,22.0,13.262431911441151,20.545077113665027,0.0,0.0,0.0,0.0,0.0,0.0,0.0,8.400002116104588e-05,0.0,0.0,eval
2025-01-02 07:20:00+00:00,20.9212941016292,1.0,22.0,10.184447913516516,29.536396482808037,0.0,0.0,0.0,0.0,0.0,0.0,0.0,4.200001058052294e-05,0.0,0.0,eval
2025-01-02 07:30:00+00:00,21.268685138421937,1.0,22.0,12.501696378500334,17.391055354038738,3.0,3.0,0.0,0.0,0.0,0.0,0.0,4.200001058052294e-05,0.0,0.0,eval
2025-01-02 07:40:00+00:00,21.680158494210158,0.0,22.0,13.87756991895531,39.90545454043708,2.0,2.0,0.0,0.0,0.0,0.0,0.0,8.300003173644654e-05,0.0,0.0,eval
2025-01-02 07:50:00+00:00,21.51691681865283,1.0,22.0,10.603690010182472,31.90133995807584,3.0,3.0,0.0,0.0,0.0,0.0,0.0,4.200001058052294e-05,0.0,0.0,eval
